answer,task_FEB,group_crl1_tr2_tr3,Text_A1_K2_G3,clues_div_traps,text_length,completed_in_minutes,quiz_attempts_left,test_attempts_done,weekday,daytime,hlt_words,FNc,FPt,FPe,FNRc,FPRt,FPRe,hlt_symbols,clue_precision,clue_recall,trap_precision,trap_recall,FPR_words,FNR_words,FP_words,FN_words,clue_count,trap_count,groupId_or_goBefore,groupId,clue_1,clue_2,clue_3,clue_4,clue_5,clue_6,clue_7,clue_8,clue_9,clue_10,clue_11,clue_12,clue_13,clue_14,clue_15,clue_16,trap_1,trap_2,trap_3,trap_4,trap_5,trap_6,trap_7,empty
1500,3,2,2,Kitzbuel,,,,,,,0,0,0,0,1,0,0,,,,,,,,,,,,239HGuE2gtLpbqC7W,,0,0,0,0,0,0,0,0,0,0,0,0,0,0,0,0,0,0,0,0,0,0,0,0
0,3,2,1,Andorra ,,,,,,,237,33,28,146,0.33,0.294736842,0.127957932,,,,,,,,,,,,2dd7Evw93hQxDDAuk,,1,1,1,1,1,1,0,0,0,0,0,0,0,0,0,0,1,1,0,0,1,0,0,7
650,3,2,3,Gastein ,,,,,,,0,0,0,0,1,0,0,,,,,,,,,,,,3PLadbJiYShJNyTo4,,0,0,0,0,0,0,0,0,0,0,0,0,0,0,0,0,0,0,0,0,0,0,0,0
190,3,2,1,Andorra ,,,,,,,118,53,3,71,0.53,0.031578947,0.062226117,,,,,,,,,,,,3rXXPGy7pvJ2gZ74t,,1,1,0,1,1,1,0,0,0,0,0,0,0,0,0,0,0,1,0,0,0,0,0,8
1020,3,2,3,Gastein ,,,,,,,0,0,0,0,1,0,0,,,,,,,,,,,,4oP8yESWxGFYpAotB,,0,0,0,0,0,0,0,0,0,0,0,0,0,0,0,0,0,0,0,0,0,0,0,0
960,3,2,1,Andorra ,,,,,,,0,0,0,0,1,0,0,,,,,,,,,,,,5SiwbP676JPT9F8nm,,0,0,0,0,0,0,0,0,0,0,0,0,0,0,0,0,0,0,0,0,0,0,0,0
335,3,2,2,Kitzbuel,,,,,,,0,0,0,0,1,0,0,,,,,,,,,,,,7YfRMS8339xcri5pi,,0,0,0,0,0,0,0,0,0,0,0,0,0,0,0,0,0,0,0,0,0,0,0,0
1225,3,2,3,Gastein ,,,,,,,0,0,0,0,1,0,0,,,,,,,,,,,,7yMESQ6Y8LsrSBdyF,,0,0,0,0,0,0,0,0,0,0,0,0,0,0,0,0,0,0,0,0,0,0,0,0
1380,3,2,3,Gastein ,,,,,,,0,0,0,0,1,0,0,,,,,,,,,,,,9Eqv5BLHeropFrTca,,0,0,0,0,0,0,0,0,0,0,0,0,0,0,0,0,0,0,0,0,0,0,0,0
370,3,2,1,Andorra ,,,,,,,0,0,0,0,1,0,0,,,,,,,,,,,,9eYCQjC8mmvrA6gy2,,0,0,0,0,0,0,0,0,0,0,0,0,0,0,0,0,0,0,0,0,0,0,0,0
422,3,2,1,Andorra ,,,,,,,19,92,3,8,0.92,0.031578947,0.007011394,,,,,,,,,,,,9oPyiaYxpnAgDuMvC,,1,1,0,1,1,1,0,0,0,0,0,0,0,0,0,0,1,1,0,0,0,0,0,6
200,3,2,2,Kitzbuel,,,,,,,0,0,0,0,1,0,0,,,,,,,,,,,,9sCrGLxBCCdLzALtt,,0,0,0,0,0,0,0,0,0,0,0,0,0,0,0,0,0,0,0,0,0,0,0,0
1813,3,2,3,Gastein ,,,,,,,15,111,3,0,0.755102041,0.024,0,,,,,,,,,,,,9ucZgM5b736tR45Yn,,1,0,0,1,1,1,1,0,0,0,0,0,0,0,0,0,0,0,0,0,1,1,1,0
2870,3,2,1,Andorra ,,,,,,,11,44,7,1,0.44,0.073684211,0.000876424,,,,,,,,,,,,AK3muYcEDHhiNPhHR,,1,1,1,0,0,0,0,0,0,0,0,0,0,0,0,0,1,1,0,1,0,0,0,0
100,3,2,2,Kitzbuel,,,,,,,0,0,0,0,1,0,0,,,,,,,,,,,,biTz35vWnembHtFod,,0,0,0,0,0,0,0,0,0,0,0,0,0,0,0,0,0,0,0,0,0,0,0,0
1680,3,2,3,Gastein ,,,,,,,0,0,0,0,1,0,0,,,,,,,,,,,,bseEpYRNwtvirzDxH,,0,0,0,0,0,0,0,0,0,0,0,0,0,0,0,0,0,0,0,0,0,0,0,0
164,3,2,2,Kitzbuel,,,,,,,35,83,5,0,0.6484375,0.067567568,0,,,,,,,,,,,,cq6iR7yYvp99Z5kPR,,0,1,1,1,1,0,0,0,0,0,0,0,0,0,0,0,1,0,1,0,0,0,0,0
2605,3,2,1,Andorra ,,,,,,,0,0,0,0,1,0,0,,,,,,,,,,,,csbeixyRuqWPMM6K4,,0,0,0,0,0,0,0,0,0,0,0,0,0,0,0,0,0,0,0,0,0,0,0,0
2142,3,2,2,Kitzbuel,,,,,,,0,0,0,0,1,0,0,,,,,,,,,,,,DobMuNgTsSKuXpjtK,,0,0,0,0,0,0,0,0,0,0,0,0,0,0,0,0,0,0,0,0,0,0,0,0
364,3,2,1,Andorra ,,,,,,,0,0,0,0,1,0,0,,,,,,,,,,,,eECtBANbCw9mYuWHa,,0,0,0,0,0,0,0,0,0,0,0,0,0,0,0,0,0,0,0,0,0,0,0,0
395,3,2,3,Gastein ,,,,,,,121,67,40,14,0.455782313,0.32,0.015837104,,,,,,,,,,,,EWg88wq6LdhhYgiCX,,1,1,1,1,0,1,1,0,0,0,0,0,0,0,0,0,0,1,1,0,0,0,0,3
700,3,2,2,Kitzbuel,,,,,,,0,0,0,0,1,0,0,,,,,,,,,,,,EXmBqQKCvLgNfuhyf,,0,0,0,0,0,0,0,0,0,0,0,0,0,0,0,0,0,0,0,0,0,0,0,0
2010,3,2,1,Andorra ,,,,,,,1,7,0,1,0.07,0,0.000876424,,,,,,,,,,,,FeEGXHDNzXRtQChR6,,0,0,0,0,0,0,0,0,0,0,0,0,0,0,0,0,0,0,0,0,0,0,0,1
180,3,2,3,Gastein ,,,,,,,1153,2,125,883,0.013605442,1,0.998868778,,,,,,,,,,,,fzXw5gFTSXBS4Hfz8,,1,1,1,1,1,1,1,0,0,0,0,0,0,0,0,0,1,1,1,1,0,1,1,16
140,3,2,1,Andorra ,,,,,,,2,5,0,0,0.05,0,0,,,,,,,,,,,,GF37oRLv283RofNY3,,0,0,0,1,0,0,0,0,0,0,0,0,0,0,0,0,0,0,0,0,0,0,0,0
400,3,2,2,Kitzbuel,,,,,,,178,26,15,66,0.203125,0.202702703,0.062264151,,,,,,,,,,,,GG6Nbnf23twygBpeR,,1,1,1,1,1,1,0,0,0,0,0,0,0,0,0,0,0,0,1,0,0,0,1,7
100,3,2,3,Gastein ,,,,,,,0,0,0,0,1,0,0,,,,,,,,,,,,gpCfAgYiYoaXmDvyk,,0,0,0,0,0,0,0,0,0,0,0,0,0,0,0,0,0,0,0,0,0,0,0,0
4320,3,2,3,Gastein ,,,,,,,0,0,0,0,1,0,0,,,,,,,,,,,,gSs4h8rbS7ei6BQ8E,,0,0,0,0,0,0,0,0,0,0,0,0,0,0,0,0,0,0,0,0,0,0,0,0
1840,3,2,3,Gastein ,,,,,,,0,0,0,0,1,0,0,,,,,,,,,,,,GXGyzvM5TwvHrraHa,,0,0,0,0,0,0,0,0,0,0,0,0,0,0,0,0,0,0,0,0,0,0,0,0
2320,3,2,3,Gastein ,,,,,,,0,0,0,0,1,0,0,,,,,,,,,,,,H95bfC3AjgGSrKSKw,,0,0,0,0,0,0,0,0,0,0,0,0,0,0,0,0,0,0,0,0,0,0,0,0
700,3,2,2,Kitzbuel,,,,,,,0,0,0,0,1,0,0,,,,,,,,,,,,H9qGEWdL7PpYKmXma,,0,0,0,0,0,0,0,0,0,0,0,0,0,0,0,0,0,0,0,0,0,0,0,0
1995,3,2,3,Gastein ,,,,,,,7,93,0,0,0.632653061,0,0,,,,,,,,,,,,Hu5cJ3uqh4pF6aLwK,,1,1,0,0,0,1,1,0,0,0,0,0,0,0,0,0,0,0,0,0,0,0,0,0
130,3,2,1,Andorra ,,,,,,,0,0,0,0,1,0,0,,,,,,,,,,,,HZrKid9yCNCeA5Jxw,,0,0,0,0,0,0,0,0,0,0,0,0,0,0,0,0,0,0,0,0,0,0,0,0
55,3,2,1,Andorra ,,,,,,,0,0,0,0,1,0,0,,,,,,,,,,,,JkbRS4RHQiPwzSqNu,,0,0,0,0,0,0,0,0,0,0,0,0,0,0,0,0,0,0,0,0,0,0,0,0
1980,3,2,3,Gastein ,,,,,,,0,0,0,0,1,0,0,,,,,,,,,,,,LibqrJoPMXxJH9jBh,,0,0,0,0,0,0,0,0,0,0,0,0,0,0,0,0,0,0,0,0,0,0,0,0
1100,3,2,2,Kitzbuel,,,,,,,0,0,0,0,1,0,0,,,,,,,,,,,,MBQN7cGCGCW7Z2zcY,,0,0,0,0,0,0,0,0,0,0,0,0,0,0,0,0,0,0,0,0,0,0,0,0
2870,3,2,1,Andorra ,,,,,,,0,0,0,0,1,0,0,,,,,,,,,,,,MbThys2QzBosFchMn,,0,0,0,0,0,0,0,0,0,0,0,0,0,0,0,0,0,0,0,0,0,0,0,0
572,3,2,1,Andorra ,,,,,,,0,0,0,0,1,0,0,,,,,,,,,,,,mBXydf94wZBqTXxh3,,0,0,0,0,0,0,0,0,0,0,0,0,0,0,0,0,0,0,0,0,0,0,0,0
165,3,2,3,Gastein ,,,,,,,0,0,0,0,1,0,0,,,,,,,,,,,,mFpH9bL6QBXgS4qKE,,0,0,0,0,0,0,0,0,0,0,0,0,0,0,0,0,0,0,0,0,0,0,0,0
7490,3,2,2,Kitzbuel,,,,,,,0,0,0,0,1,0,0,,,,,,,,,,,,mJWtrxjisG75gn4MS,,0,0,0,0,0,0,0,0,0,0,0,0,0,0,0,0,0,0,0,0,0,0,0,0
4370,3,2,1,Andorra ,,,,,,,77,30,15,1,0.3,0.157894737,0.000876424,,,,,,,,,,,,NacdSweYWJn9yRdGx,,1,1,1,0,1,1,0,0,0,0,0,0,0,0,0,0,1,0,0,0,0,0,0,0
450,3,2,2,Kitzbuel,,,,,,,0,0,0,0,1,0,0,,,,,,,,,,,,nhD4moR8NCWc8Z8wB,,0,0,0,0,0,0,0,0,0,0,0,0,0,0,0,0,0,0,0,0,0,0,0,0
160,3,2,3,Gastein ,,,,,,,6,41,0,0,0.278911565,0,0,,,,,,,,,,,,o4uExDvPCqemensvW,,0,0,1,1,1,0,0,0,0,0,0,0,0,0,0,0,0,0,0,0,0,0,0,0
200,3,2,2,Kitzbuel,,,,,,,0,0,0,0,1,0,0,,,,,,,,,,,,oCECEv2CoZ5e8Xtbv,,0,0,0,0,0,0,0,0,0,0,0,0,0,0,0,0,0,0,0,0,0,0,0,0
4320,3,2,3,Gastein ,,,,,,,0,0,0,0,1,0,0,,,,,,,,,,,,oW7oCkfg4NFsFYFcc,,0,0,0,0,0,0,0,0,0,0,0,0,0,0,0,0,0,0,0,0,0,0,0,0
1300,3,2,2,Kitzbuel,,,,,,,0,0,0,0,1,0,0,,,,,,,,,,,,paAyb6N2yxczdsNHf,,0,0,0,0,0,0,0,0,0,0,0,0,0,0,0,0,0,0,0,0,0,0,0,0
130,3,2,2,Kitzbuel,,,,,,,0,0,0,0,1,0,0,,,,,,,,,,,,pkfqAqfkHpjXBfE5e,,0,0,0,0,0,0,0,0,0,0,0,0,0,0,0,0,0,0,0,0,0,0,0,0
150,3,2,1,Andorra ,,,,,,,0,0,0,0,1,0,0,,,,,,,,,,,,PqGn6F5jdvBZn2Ssw,,0,0,0,0,0,0,0,0,0,0,0,0,0,0,0,0,0,0,0,0,0,0,0,0
531,3,2,1,Andorra ,,,,,,,146,25,22,54,0.25,0.231578947,0.047326906,,,,,,,,,,,,pSuNmvzMQ8z3rXXN8,,1,1,0,1,1,1,0,0,0,0,0,0,0,0,0,0,1,1,0,0,0,0,1,8
70,3,2,1,Andorra ,,,,,,,9,3,5,1,0.03,0.052631579,0.000876424,,,,,,,,,,,,Q6Lf39WzFfkFA2niu,,0,0,0,1,0,0,0,0,0,0,0,0,0,0,0,0,0,0,0,0,1,0,0,0
1130,3,2,2,Kitzbuel,,,,,,,81,75,4,28,0.5859375,0.054054054,0.026415094,,,,,,,,,,,,Q7WiTf8qKej6YWpSS,,0,1,1,1,1,1,0,0,0,0,0,0,0,0,0,0,1,0,0,0,0,0,0,3
2496,3,2,1,Andorra ,,,,,,,7,58,3,0,0.58,0.031578947,0,,,,,,,,,,,,qAccDyouMgwuf3MHt,,0,1,0,1,0,0,0,0,0,0,0,0,0,0,0,0,0,1,0,0,0,1,0,0
4300,3,2,2,Kitzbuel,,,,,,,0,0,0,0,1,0,0,,,,,,,,,,,,qCGC2kf4CKdmzLnyw,,0,0,0,0,0,0,0,0,0,0,0,0,0,0,0,0,0,0,0,0,0,0,0,0
452,3,2,1,Andorra ,,,,,,,0,0,0,0,1,0,0,,,,,,,,,,,,QcWmyLWXeJaQ3gWqc,,0,0,0,0,0,0,0,0,0,0,0,0,0,0,0,0,0,0,0,0,0,0,0,0
1385,3,2,3,Gastein ,,,,,,,0,0,0,0,1,0,0,,,,,,,,,,,,r8CR2J2hYuAxQhEBw,,0,0,0,0,0,0,0,0,0,0,0,0,0,0,0,0,0,0,0,0,0,0,0,0
1320,3,2,3,Gastein ,,,,,,,0,0,0,0,1,0,0,,,,,,,,,,,,Rv69fRjRRkJm4vRft,,0,0,0,0,0,0,0,0,0,0,0,0,0,0,0,0,0,0,0,0,0,0,0,0
225,3,2,3,Gastein ,,,,,,,83,87,8,57,0.591836735,0.064,0.064479638,,,,,,,,,,,,s6xHZncxSz9hXrSuu,,1,1,1,1,1,0,1,0,0,0,0,0,0,0,0,0,0,0,0,0,0,1,0,4
1822.5,3,2,3,Gastein ,,,,,,,102,61,11,19,0.414965986,0.088,0.021493213,,,,,,,,,,,,sBgQmydzbxTYyrdbW,,1,1,1,1,0,1,1,0,0,0,0,0,0,0,0,0,0,0,1,0,0,0,1,3
1700,3,2,2,Kitzbuel,,,,,,,0,0,0,0,1,0,0,,,,,,,,,,,,sJbauspAmJ89EmiJS,,0,0,0,0,0,0,0,0,0,0,0,0,0,0,0,0,0,0,0,0,0,0,0,0
680,3,2,1,Andorra ,,,,,,,0,0,0,0,1,0,0,,,,,,,,,,,,SY3ErA4tXyH3kYPnp,,0,0,0,0,0,0,0,0,0,0,0,0,0,0,0,0,0,0,0,0,0,0,0,0
140,3,2,3,Gastein ,,,,,,,0,0,0,0,1,0,0,,,,,,,,,,,,SyFzKS62QFdrwuscW,,0,0,0,0,0,0,0,0,0,0,0,0,0,0,0,0,0,0,0,0,0,0,0,0
1670,3,2,1,Andorra ,,,,,,,0,0,0,0,1,0,0,,,,,,,,,,,,t5zdLSaPDRP96CcLM,,0,0,0,0,0,0,0,0,0,0,0,0,0,0,0,0,0,0,0,0,0,0,0,0
300,3,2,3,Gastein ,,,,,,,68,5,0,1,0.034013605,0,0.001131222,,,,,,,,,,,,t8c2e2iDLwwux9Dks,,1,1,1,1,1,0,0,0,0,0,0,0,0,0,0,0,0,0,0,0,0,0,0,0
40,3,2,3,Gastein ,,,,,,,88,90,0,32,0.612244898,0,0.036199095,,,,,,,,,,,,tjnFuQR6CD7Z7PE4n,,1,1,1,1,1,1,1,0,0,0,0,0,0,0,0,0,0,0,0,0,0,0,0,8
402,3,2,1,Andorra ,,,,,,,64,63,24,3,0.63,0.252631579,0.002629273,,,,,,,,,,,,tjtjDdz8CByncrLPr,,1,1,0,1,1,1,0,0,0,0,0,0,0,0,0,0,0,1,1,1,0,0,0,1
4300,3,2,2,Kitzbuel,,,,,,,0,0,0,0,1,0,0,,,,,,,,,,,,Tmrxh2hAPBZMpztda,,0,0,0,0,0,0,0,0,0,0,0,0,0,0,0,0,0,0,0,0,0,0,0,0
100,3,2,2,Kitzbuel,,,,,,,0,0,0,0,1,0,0,,,,,,,,,,,,TTawMFAx2RoQwZkdA,,0,0,0,0,0,0,0,0,0,0,0,0,0,0,0,0,0,0,0,0,0,0,0,0
60,3,2,3,Gastein ,,,,,,,7,50,0,0,0.340136054,0,0,,,,,,,,,,,,tTC4CSSNdyBcdBEm6,,1,1,1,0,1,0,0,0,0,0,0,0,0,0,0,0,0,0,0,0,0,0,0,0
1330,3,2,2,Kitzbuel,,,,,,,45,88,6,2,0.6875,0.081081081,0.001886792,,,,,,,,,,,,TXNuDrwpyJdTpGt94,,0,1,1,1,1,1,0,0,0,0,0,0,0,0,0,0,1,0,0,0,0,0,1,1
143,3,2,2,Kitzbuel,,,,,,,28,96,0,0,0.75,0,0,,,,,,,,,,,,Ty3A3Soc8PJt6M9Ns,,0,1,1,1,1,1,0,0,0,0,0,0,0,0,0,0,0,0,0,0,0,0,0,0
50,3,2,2,Kitzbuel,,,,,,,0,0,0,0,1,0,0,,,,,,,,,,,,u6z3JrbaL5KX6DaDP,,0,0,0,0,0,0,0,0,0,0,0,0,0,0,0,0,0,0,0,0,0,0,0,0
60,3,2,3,Gastein ,,,,,,,0,0,0,0,1,0,0,,,,,,,,,,,,uJhTohkizmx5MocAc,,0,0,0,0,0,0,0,0,0,0,0,0,0,0,0,0,0,0,0,0,0,0,0,0
1160,3,2,2,Kitzbuel,,,,,,,0,0,0,0,1,0,0,,,,,,,,,,,,v9w467p4nmCuZiz8d,,0,0,0,0,0,0,0,0,0,0,0,0,0,0,0,0,0,0,0,0,0,0,0,0
121,3,2,2,Kitzbuel,,,,,,,0,0,0,0,1,0,0,,,,,,,,,,,,vh8MNBHTBr7ZfHbeu,,0,0,0,0,0,0,0,0,0,0,0,0,0,0,0,0,0,0,0,0,0,0,0,0
100,3,2,3,Gastein ,,,,,,,0,0,0,0,1,0,0,,,,,,,,,,,,vYcvaSo36P528CZoh,,0,0,0,0,0,0,0,0,0,0,0,0,0,0,0,0,0,0,0,0,0,0,0,0
3375,3,2,1,Andorra ,,,,,,,0,0,0,0,1,0,0,,,,,,,,,,,,WCCwh6EcpfChmEWZB,,0,0,0,0,0,0,0,0,0,0,0,0,0,0,0,0,0,0,0,0,0,0,0,0
300,3,2,2,Kitzbuel,,,,,,,0,0,0,0,1,0,0,,,,,,,,,,,,WFez35dqgWc8cdgpq,,0,0,0,0,0,0,0,0,0,0,0,0,0,0,0,0,0,0,0,0,0,0,0,0
200,3,2,2,Kitzbuel,,,,,,,82,58,6,10,0.453125,0.081081081,0.009433962,,,,,,,,,,,,WFyjE2HE4EcqRhhDv,,0,1,1,1,1,1,0,0,0,0,0,0,0,0,0,0,1,0,1,0,0,0,0,1
2615,3,2,1,Andorra ,,,,,,,0,0,0,0,1,0,0,,,,,,,,,,,,XCC8ifT37X9fTG4Bd,,0,0,0,0,0,0,0,0,0,0,0,0,0,0,0,0,0,0,0,0,0,0,0,0
30,3,2,1,Andorra ,,,,,,,75,46,10,12,0.46,0.105263158,0.01051709,,,,,,,,,,,,xeqqdJskYbM5ELEQ5,,1,1,0,1,1,1,0,0,0,0,0,0,0,0,0,0,1,1,0,0,0,0,0,5
3000,3,2,2,Kitzbuel,,,,,,,0,0,0,0,1,0,0,,,,,,,,,,,,Xfug8MRprRk83g4jT,,0,0,0,0,0,0,0,0,0,0,0,0,0,0,0,0,0,0,0,0,0,0,0,0
2570,3,2,1,Andorra ,,,,,,,0,0,0,0,1,0,0,,,,,,,,,,,,xoouWcxrK6SAsqrhr,,0,0,0,0,0,0,0,0,0,0,0,0,0,0,0,0,0,0,0,0,0,0,0,0
90,3,2,3,Gastein ,,,,,,,86,64,0,22,0.43537415,0,0.024886878,,,,,,,,,,,,XrPHpym3KMcZhrzjx,,1,1,0,1,1,1,1,0,0,0,0,0,0,0,0,0,0,0,0,0,0,0,0,5
3275,3,2,3,Gastein ,,,,,,,0,0,0,0,1,0,0,,,,,,,,,,,,y7DNGAyB4drNj9y94,,0,0,0,0,0,0,0,0,0,0,0,0,0,0,0,0,0,0,0,0,0,0,0,0
140,3,2,3,Gastein ,,,,,,,0,0,0,0,1,0,0,,,,,,,,,,,,Yd9icTkbLXDBtyHhF,,0,0,0,0,0,0,0,0,0,0,0,0,0,0,0,0,0,0,0,0,0,0,0,0
893,3,2,2,Kitzbuel,,,,,,,0,0,0,0,1,0,0,,,,,,,,,,,,yFeLD5aD5bXPdgxbN,,0,0,0,0,0,0,0,0,0,0,0,0,0,0,0,0,0,0,0,0,0,0,0,0
160,3,2,2,Kitzbuel,,,,,,,75,52,4,0,0.40625,0.054054054,0,,,,,,,,,,,,yfr88tp8fmaZeBZTg,,0,1,1,1,1,1,0,0,0,0,0,0,0,0,0,0,1,0,0,0,0,0,0,0
57700,3,2,2,Kitzbuel,,,,,,,0,0,0,0,1,0,0,,,,,,,,,,,,ygrhzMpZwjkPLwrgw,,0,0,0,0,0,0,0,0,0,0,0,0,0,0,0,0,0,0,0,0,0,0,0,0
2820,3,2,3,Gastein ,,,,,,,0,0,0,0,1,0,0,,,,,,,,,,,,yY7oQ5JSBgG4DSi8Y,,0,0,0,0,0,0,0,0,0,0,0,0,0,0,0,0,0,0,0,0,0,0,0,0
100,3,2,1,Andorra ,,,,,,,0,0,0,0,1,0,0,,,,,,,,,,,,ZAqQndx293bxW5mcc,,0,0,0,0,0,0,0,0,0,0,0,0,0,0,0,0,0,0,0,0,0,0,0,0
370,3,2,1,Andorra ,,,,,,,0,0,0,0,1,0,0,,,,,,,,,,,,Zc556RtYew3TM6cCo,,0,0,0,0,0,0,0,0,0,0,0,0,0,0,0,0,0,0,0,0,0,0,0,0
60,3,2,3,Gastein ,,,,,,,127,17,16,9,0.115646259,0.128,0.010180995,,,,,,,,,,,,zCbjC4WKvQvBfzYhs,,0,0,1,1,1,1,1,0,0,0,0,0,0,0,0,0,0,0,0,0,0,0,0,1
1300,3,2,2,Kitzbuel,,,,,,,0,0,0,0,1,0,0,,,,,,,,,,,,ZCxB4xfir7JtX7dmk,,0,0,0,0,0,0,0,0,0,0,0,0,0,0,0,0,0,0,0,0,0,0,0,0
1370,3,2,1,Andorra ,,,,,,,0,0,0,0,1,0,0,,,,,,,,,,,,zfZX8qSxcRwX7vHaJ,,0,0,0,0,0,0,0,0,0,0,0,0,0,0,0,0,0,0,0,0,0,0,0,0
480,3,2,1,Andorra ,,,,,,,0,0,0,0,1,0,0,,,,,,,,,,,,ziPbToA5R9NpG6oSs,,0,0,0,0,0,0,0,0,0,0,0,0,0,0,0,0,0,0,0,0,0,0,0,0
326,3,2,1,Andorra ,,,,,,,0,0,0,0,1,0,0,,,,,,,,,,,,ztrZFK8u4AEtS9yiq,,0,0,0,0,0,0,0,0,0,0,0,0,0,0,0,0,0,0,0,0,0,0,0,0
680,3,3,3,Gastein,,,,,,,623,18,57,438,0.12244898,0.456,0.495475113,,,,,,,,,,,,6obRLe8JNWgB8tmL3,,1,1,1,1,1,1,1,0,0,0,0,0,0,0,0,0,0,0,1,1,0,0,1,9
60,3,3,3,Gastein,,,,,,,623,18,57,438,0.12244898,0.456,0.495475113,,,,,,,,,,,,6obRLe8JNWgB8tmL3,,1,1,1,1,1,1,1,0,0,0,0,0,0,0,0,0,0,0,1,1,0,0,1,9
96,3,3,2,Kitzbuel,,,,,,,16,105,7,2,0.8203125,0.094594595,0.001886792,,,,,,,,,,,,6R4p4dzAQamW6jv96,,0,1,0,1,1,0,0,0,0,0,0,0,0,0,0,0,1,1,1,0,0,0,0,1
1820,3,3,3,Gastein,,,,,,,607,7,90,377,0.047619048,0.72,0.426470588,,,,,,,,,,,,8QezZZXXZi7yqegQk,,1,1,1,1,1,1,1,0,0,0,0,0,0,0,0,0,0,0,1,1,0,1,1,10
0,3,3,3,Gastein,,,,,,,607,7,90,377,0.047619048,0.72,0.426470588,,,,,,,,,,,,8QezZZXXZi7yqegQk,,1,1,1,1,1,1,1,0,0,0,0,0,0,0,0,0,0,0,1,1,0,1,1,10
253,3,3,2,Kitzbuel,,,,,,,395,11,44,241,0.0859375,0.594594595,0.227358491,,,,,,,,,,,,aA3YCCnT7CK9MSafH,,1,1,1,1,1,1,0,0,0,0,0,0,0,0,0,0,1,0,1,0,0,0,1,8
149,3,3,2,Kitzbuel,,,,,,,395,11,44,241,0.0859375,0.594594595,0.227358491,,,,,,,,,,,,aA3YCCnT7CK9MSafH,,1,1,1,1,1,1,0,0,0,0,0,0,0,0,0,0,1,0,1,0,0,0,1,8
618,3,3,1,Andorra,,,,,,,69,70,3,59,0.7,0.031578947,0.051709027,,,,,,,,,,,,AwQadnw28bESkoF9o,,1,1,0,1,1,0,0,0,0,0,0,0,0,0,0,0,0,1,0,0,0,0,0,14
4370,3,3,1,Andorra,,,,,,,69,70,3,59,0.7,0.031578947,0.051709027,,,,,,,,,,,,AwQadnw28bESkoF9o,,1,1,0,1,1,0,0,0,0,0,0,0,0,0,0,0,0,1,0,0,0,0,0,14
850,3,3,1,Andorra,,,,,,,69,70,3,59,0.7,0.031578947,0.051709027,,,,,,,,,,,,AwQadnw28bESkoF9o,,1,1,0,1,1,0,0,0,0,0,0,0,0,0,0,0,0,1,0,0,0,0,0,14
2370,3,3,1,Andorra,,,,,,,295,0,83,136,0,0.873684211,0.11919369,,,,,,,,,,,,BdhWZrRDkvCbMcTmw,,0,0,1,1,1,1,0,0,0,0,0,0,0,0,0,0,0,0,0,0,0,0,1,0
2771,3,3,1,Andorra,,,,,,,295,0,83,136,0,0.873684211,0.11919369,,,,,,,,,,,,BdhWZrRDkvCbMcTmw,,0,0,1,1,1,1,0,0,0,0,0,0,0,0,0,0,0,0,0,0,0,0,1,0
4370,3,3,1,Andorra,,,,,,,295,0,83,136,0,0.873684211,0.11919369,,,,,,,,,,,,BdhWZrRDkvCbMcTmw,,0,0,1,1,1,1,0,0,0,0,0,0,0,0,0,0,0,0,0,0,0,0,1,0
2246,3,3,1,Andorra,,,,,,,295,0,83,136,0,0.873684211,0.11919369,,,,,,,,,,,,BdhWZrRDkvCbMcTmw,,0,0,1,1,1,1,0,0,0,0,0,0,0,0,0,0,0,0,0,0,0,0,1,0
74,3,3,2,Kitzbuel,,,,,,,51,98,21,17,0.765625,0.283783784,0.016037736,,,,,,,,,,,,bwXvLKDq8thSjSyBq,,1,1,1,1,1,1,0,0,0,0,0,0,0,0,0,0,1,1,1,1,1,1,1,8
11,3,3,2,Kitzbuel,,,,,,,51,98,21,17,0.765625,0.283783784,0.016037736,,,,,,,,,,,,bwXvLKDq8thSjSyBq,,1,1,1,1,1,1,0,0,0,0,0,0,0,0,0,0,1,1,1,1,1,1,1,8
3220,3,3,3,Gastein,,,,,,,330,2,54,160,0.013605442,0.432,0.180995475,,,,,,,,,,,,DMLwhoYETjTfcMieY,,0,0,1,1,1,1,1,0,0,0,0,0,0,0,0,0,0,1,0,0,0,0,1,3
40,3,3,3,Gastein,,,,,,,330,2,54,160,0.013605442,0.432,0.180995475,,,,,,,,,,,,DMLwhoYETjTfcMieY,,0,0,1,1,1,1,1,0,0,0,0,0,0,0,0,0,0,1,0,0,0,0,1,3
200,3,3,2,Kitzbuel,,,,,,,271,11,67,90,0.0859375,0.905405405,0.08490566,,,,,,,,,,,,dwLzG5i4KJmorueu9,,0,1,1,1,1,1,0,0,0,0,0,0,0,0,0,0,1,0,1,0,1,1,1,1
551,3,3,2,Kitzbuel,,,,,,,271,11,67,90,0.0859375,0.905405405,0.08490566,,,,,,,,,,,,dwLzG5i4KJmorueu9,,0,1,1,1,1,1,0,0,0,0,0,0,0,0,0,0,1,0,1,0,1,1,1,1
128,3,3,2,Kitzbuel,,,,,,,332,37,66,183,0.2890625,0.891891892,0.172641509,,,,,,,,,,,,EB6RihdnX5H6M8FNJ,,0,1,1,1,1,1,0,0,0,0,0,0,0,0,0,0,1,1,1,0,1,1,1,12
766,3,3,2,Kitzbuel,,,,,,,332,37,66,183,0.2890625,0.891891892,0.172641509,,,,,,,,,,,,EB6RihdnX5H6M8FNJ,,0,1,1,1,1,1,0,0,0,0,0,0,0,0,0,0,1,1,1,0,1,1,1,12
7,3,3,2,Kitzbuel,,,,,,,193,46,11,103,0.359375,0.148648649,0.097169811,,,,,,,,,,,,eGoJZtyqR3pLJkNwD,,1,1,1,1,1,1,0,0,0,0,0,0,0,0,0,0,0,0,1,0,0,0,1,24
637,3,3,1,Andorra,,,,,,,290,26,38,181,0.26,0.4,0.158632778,,,,,,,,,,,,Ezuwmo22ieEDzCrbr,,1,1,1,1,1,1,0,0,0,0,0,0,0,0,0,0,0,1,1,1,0,0,1,14
1630,3,3,1,Andorra,,,,,,,112,54,21,64,0.54,0.221052632,0.056091148,,,,,,,,,,,,foTy5r7oGQSxdJekq,,0,0,0,0,1,1,0,0,0,0,0,0,0,0,0,0,1,1,0,1,0,0,0,4
698,3,3,1,Andorra,,,,,,,112,54,21,64,0.54,0.221052632,0.056091148,,,,,,,,,,,,foTy5r7oGQSxdJekq,,0,0,0,0,1,1,0,0,0,0,0,0,0,0,0,0,1,1,0,1,0,0,0,4
346,3,3,1,Andorra,,,,,,,112,54,21,64,0.54,0.221052632,0.056091148,,,,,,,,,,,,foTy5r7oGQSxdJekq,,0,0,0,0,1,1,0,0,0,0,0,0,0,0,0,0,1,1,0,1,0,0,0,4
550,3,3,1,Andorra,,,,,,,112,54,21,64,0.54,0.221052632,0.056091148,,,,,,,,,,,,foTy5r7oGQSxdJekq,,0,0,0,0,1,1,0,0,0,0,0,0,0,0,0,0,1,1,0,1,0,0,0,4
4270,3,3,1,Andorra,,,,,,,430,32,49,315,0.32,0.515789474,0.27607362,,,,,,,,,,,,FRbKhBzCCiLtZFQJq,,1,1,1,1,1,1,0,0,0,0,0,0,0,0,0,0,1,0,0,0,0,0,0,10
170,3,3,1,Andorra,,,,,,,430,32,49,315,0.32,0.515789474,0.27607362,,,,,,,,,,,,FRbKhBzCCiLtZFQJq,,1,1,1,1,1,1,0,0,0,0,0,0,0,0,0,0,1,0,0,0,0,0,0,10
49,3,3,1,Andorra,,,,,,,430,32,49,315,0.32,0.515789474,0.27607362,,,,,,,,,,,,FRbKhBzCCiLtZFQJq,,1,1,1,1,1,1,0,0,0,0,0,0,0,0,0,0,1,0,0,0,0,0,0,10
2500,3,3,2,Kitzbuel,,,,,,,417,4,70,230,0.03125,0.945945946,0.216981132,,,,,,,,,,,,gbQsgazzbr62LwQEr,,1,1,1,1,1,1,0,0,0,0,0,0,0,0,0,0,1,1,1,0,1,1,1,24
2500,3,3,2,Kitzbuel,,,,,,,351,5,68,166,0.0390625,0.918918919,0.156603774,,,,,,,,,,,,GQKRPFQrC8Ns7fADn,,1,1,1,1,1,1,0,0,0,0,0,0,0,0,0,0,0,0,1,0,1,1,1,9
390,3,3,2,Kitzbuel,,,,,,,351,5,68,166,0.0390625,0.918918919,0.156603774,,,,,,,,,,,,GQKRPFQrC8Ns7fADn,,1,1,1,1,1,1,0,0,0,0,0,0,0,0,0,0,0,0,1,0,1,1,1,9
822,3,3,1,Andorra,,,,,,,185,16,41,64,0.16,0.431578947,0.056091148,,,,,,,,,,,,GQPyZNXLbKsZAdFB3,,1,1,1,1,1,1,0,0,0,0,0,0,0,0,0,0,1,1,0,1,0,1,0,11
370,3,3,1,Andorra,,,,,,,185,16,41,64,0.16,0.431578947,0.056091148,,,,,,,,,,,,GQPyZNXLbKsZAdFB3,,1,1,1,1,1,1,0,0,0,0,0,0,0,0,0,0,1,1,0,1,0,1,0,11
1500,3,3,3,Gastein,,,,,,,50,114,17,1,0.775510204,0.136,0.001131222,,,,,,,,,,,,GQymDqnLzhc2DR8ps,,1,1,1,1,1,1,1,0,0,0,0,0,0,0,0,0,0,0,1,1,1,1,1,0
1090,3,3,3,Gastein,,,,,,,247,54,83,75,0.367346939,0.664,0.084841629,,,,,,,,,,,,gwsAA6GYwZYz78jcQ,,1,1,1,1,1,1,1,0,0,0,0,0,0,0,0,0,0,1,1,1,1,0,1,10
1600,3,3,2,Kitzbuel,,,,,,,17,78,4,0,0.609375,0.054054054,0,,,,,,,,,,,,gx8qcNwBerS9CxmyZ,,0,0,1,0,1,1,0,0,0,0,0,0,0,0,0,0,0,0,0,1,0,0,0,0
102.5,3,3,3,Gastein,,,,,,,345,35,22,214,0.238095238,0.176,0.242081448,,,,,,,,,,,,h7hwz7RLKHFhSpWiP,,1,1,1,1,1,1,1,0,0,0,0,0,0,0,0,0,0,0,0,0,0,0,1,16
30,3,3,1,Andorra,,,,,,,28,69,3,13,0.69,0.031578947,0.011393514,,,,,,,,,,,,hE9XPPE8d4bwRc6av,,0,1,0,1,1,1,0,0,0,0,0,0,0,0,0,0,0,1,0,0,0,0,0,7
2970,3,3,1,Andorra,,,,,,,28,69,3,13,0.69,0.031578947,0.011393514,,,,,,,,,,,,hE9XPPE8d4bwRc6av,,0,1,0,1,1,1,0,0,0,0,0,0,0,0,0,0,0,1,0,0,0,0,0,7
14682,3,3,1,Andorra,,,,,,,28,69,3,13,0.69,0.031578947,0.011393514,,,,,,,,,,,,hE9XPPE8d4bwRc6av,,0,1,0,1,1,1,0,0,0,0,0,0,0,0,0,0,0,1,0,0,0,0,0,7
2538,3,3,1,Andorra,,,,,,,28,69,3,13,0.69,0.031578947,0.011393514,,,,,,,,,,,,hE9XPPE8d4bwRc6av,,0,1,0,1,1,1,0,0,0,0,0,0,0,0,0,0,0,1,0,0,0,0,0,7
2445,3,3,1,Andorra,,,,,,,28,69,3,13,0.69,0.031578947,0.011393514,,,,,,,,,,,,hE9XPPE8d4bwRc6av,,0,1,0,1,1,1,0,0,0,0,0,0,0,0,0,0,0,1,0,0,0,0,0,7
2320,3,3,3,Gastein,,,,,,,434,17,56,256,0.115646259,0.448,0.28959276,,,,,,,,,,,,HgRM6BnMWcCkbw47n,,1,1,1,1,1,1,1,0,0,0,0,0,0,0,0,0,1,1,0,0,0,0,1,22
9700,3,3,2,Kitzbuel,,,,,,,291,20,56,139,0.15625,0.756756757,0.131132075,,,,,,,,,,,,HsLZRrW64nXAQKXLB,,1,1,1,1,1,1,0,0,0,0,0,0,0,0,0,0,1,1,1,1,1,1,1,14
80,3,3,2,Kitzbuel,,,,,,,291,20,56,139,0.15625,0.756756757,0.131132075,,,,,,,,,,,,HsLZRrW64nXAQKXLB,,1,1,1,1,1,1,0,0,0,0,0,0,0,0,0,0,1,1,1,1,1,1,1,14
3180,3,3,3,Gastein,,,,,,,266,17,80,60,0.115646259,0.64,0.067873303,,,,,,,,,,,,iDCT5bAytf9RGuu5b,,1,1,1,1,1,1,1,0,0,0,0,0,0,0,0,0,0,1,1,1,0,1,1,6
155,3,3,3,Gastein,,,,,,,266,17,80,60,0.115646259,0.64,0.067873303,,,,,,,,,,,,iDCT5bAytf9RGuu5b,,1,1,1,1,1,1,1,0,0,0,0,0,0,0,0,0,0,1,1,1,0,1,1,6
332,3,3,2,Kitzbuel,,,,,,,82,87,17,39,0.6796875,0.22972973,0.036792453,,,,,,,,,,,,j6Ku7jCWs8z4tHBaY,,1,1,1,1,1,0,0,0,0,0,0,0,0,0,0,0,1,0,1,0,1,0,1,6
4250,3,3,2,Kitzbuel,,,,,,,312,15,24,176,0.1171875,0.324324324,0.166037736,,,,,,,,,,,,j6qokcwoLtgBbeT9R,,1,1,1,1,1,1,0,0,0,0,0,0,0,0,0,0,1,0,1,0,0,0,1,16
180,3,3,1,Andorra,,,,,,,118,50,16,56,0.5,0.168421053,0.049079755,,,,,,,,,,,,jNqqWmmRGgyeB8rdr,,1,1,0,0,1,1,0,0,0,0,0,0,0,0,0,0,1,1,0,1,0,0,0,13
389,3,3,1,Andorra,,,,,,,118,50,16,56,0.5,0.168421053,0.049079755,,,,,,,,,,,,jNqqWmmRGgyeB8rdr,,1,1,0,0,1,1,0,0,0,0,0,0,0,0,0,0,1,1,0,1,0,0,0,13
0,3,3,3,Gastein,,,,,,,225,46,18,109,0.31292517,0.144,0.123303167,,,,,,,,,,,,KC9NNEhrTPxCdBqFA,,1,1,1,1,1,1,1,0,0,0,0,0,0,0,0,0,0,0,1,1,0,0,0,10
735,3,3,3,Gastein,,,,,,,308,41,66,152,0.278911565,0.528,0.171945701,,,,,,,,,,,,ko3pcmnHTXKqzwzsA,,1,1,1,1,1,1,1,0,0,0,0,0,0,0,0,0,1,1,0,0,0,1,1,28
930,3,3,1,Andorra,,,,,,,49,77,16,14,0.77,0.168421053,0.012269939,,,,,,,,,,,,LftpDjt4QChw6vAaw,,1,1,1,1,1,1,0,0,0,0,0,0,0,0,0,0,1,1,1,1,0,1,0,9
972,3,3,1,Andorra,,,,,,,49,77,16,14,0.77,0.168421053,0.012269939,,,,,,,,,,,,LftpDjt4QChw6vAaw,,1,1,1,1,1,1,0,0,0,0,0,0,0,0,0,0,1,1,1,1,0,1,0,9
4300,3,3,2,Kitzbuel,,,,,,,27,109,5,11,0.8515625,0.067567568,0.010377358,,,,,,,,,,,,LnEWgCDP8nEJeaz4v,,1,1,1,0,1,1,0,0,0,0,0,0,0,0,0,0,1,0,0,1,0,0,0,8
11308,3,3,2,Kitzbuel,,,,,,,21,107,5,0,0.8359375,0.067567568,0,,,,,,,,,,,,M7aoJEwgSCiE2RiEF,,0,1,1,0,1,1,0,0,0,0,0,0,0,0,0,0,0,0,0,1,0,0,1,0
580,3,3,2,Kitzbuel,,,,,,,21,107,5,0,0.8359375,0.067567568,0,,,,,,,,,,,,M7aoJEwgSCiE2RiEF,,0,1,1,0,1,1,0,0,0,0,0,0,0,0,0,0,0,0,0,1,0,0,1,0
245,3,3,2,Kitzbuel,,,,,,,21,107,5,0,0.8359375,0.067567568,0,,,,,,,,,,,,M7aoJEwgSCiE2RiEF,,0,1,1,0,1,1,0,0,0,0,0,0,0,0,0,0,0,0,0,1,0,0,1,0
135,3,3,3,Gastein,,,,,,,185,16,46,8,0.108843537,0.368,0.009049774,,,,,,,,,,,,n4T8byHQrJDx6JHvL,,1,1,1,1,1,1,1,0,0,0,0,0,0,0,0,0,0,0,1,1,1,0,1,2
2260,3,3,3,Gastein,,,,,,,185,16,46,8,0.108843537,0.368,0.009049774,,,,,,,,,,,,n4T8byHQrJDx6JHvL,,1,1,1,1,1,1,1,0,0,0,0,0,0,0,0,0,0,0,1,1,1,0,1,2
2720,3,3,3,Gastein,,,,,,,185,16,46,8,0.108843537,0.368,0.009049774,,,,,,,,,,,,n4T8byHQrJDx6JHvL,,1,1,1,1,1,1,1,0,0,0,0,0,0,0,0,0,0,0,1,1,1,0,1,2
1800,3,3,2,Kitzbuel,,,,,,,0,0,0,0,1,0,0,,,,,,,,,,,,oFYrYEG9QyjnsxKes,,0,0,0,0,0,0,0,0,0,0,0,0,0,0,0,0,0,0,0,0,0,0,0,0
2500,3,3,2,Kitzbuel,,,,,,,237,4,61,58,0.03125,0.824324324,0.054716981,,,,,,,,,,,,pw7NmzsTcSfinHzJh,,1,1,1,1,1,1,0,0,0,0,0,0,0,0,0,0,1,0,1,0,1,1,1,5
0,3,3,2,Kitzbuel,,,,,,,17,97,0,2,0.7578125,0,0.001886792,,,,,,,,,,,,Pxht5rgDjB3bombo8,,0,1,1,1,1,0,0,0,0,0,0,0,0,0,0,0,0,0,0,0,0,0,0,2
2900,3,3,2,Kitzbuel,,,,,,,398,6,58,227,0.046875,0.783783784,0.214150943,,,,,,,,,,,,RAuEenEjcoisnMnbW,,1,1,1,1,1,1,0,0,0,0,0,0,0,0,0,0,0,0,1,1,1,1,1,19
74,3,3,2,Kitzbuel,,,,,,,398,6,58,227,0.046875,0.783783784,0.214150943,,,,,,,,,,,,RAuEenEjcoisnMnbW,,1,1,1,1,1,1,0,0,0,0,0,0,0,0,0,0,0,0,1,1,1,1,1,19
2958,3,3,1,Andorra,,,,,,,22,70,7,11,0.7,0.073684211,0.009640666,,,,,,,,,,,,RBu9KBKw8ZwDoc8ox,,0,0,0,1,1,1,0,0,0,0,0,0,0,0,0,0,0,1,0,0,1,0,0,7
0,3,3,1,Andorra,,,,,,,22,70,7,11,0.7,0.073684211,0.009640666,,,,,,,,,,,,RBu9KBKw8ZwDoc8ox,,0,0,0,1,1,1,0,0,0,0,0,0,0,0,0,0,0,1,0,0,1,0,0,7
60,3,3,3,Gastein,,,,,,,23,33,8,0,0.224489796,0.064,0,,,,,,,,,,,,rXYgYifv5N4MvqBxg,,0,0,1,0,0,0,1,0,0,0,0,0,0,0,0,0,0,0,1,0,0,0,1,0
2520,3,3,3,Gastein,,,,,,,42,107,9,1,0.727891156,0.072,0.001131222,,,,,,,,,,,,s8TBtQTrRCSh9goyo,,1,0,1,1,1,1,1,0,0,0,0,0,0,0,0,0,0,0,0,0,0,0,1,0
1204,3,3,3,Gastein,,,,,,,42,107,9,1,0.727891156,0.072,0.001131222,,,,,,,,,,,,s8TBtQTrRCSh9goyo,,1,0,1,1,1,1,1,0,0,0,0,0,0,0,0,0,0,0,0,0,0,0,1,0
75,3,3,1,Andorra,,,,,,,0,0,0,0,1,0,0,,,,,,,,,,,,sBsMWSZmLMXGtyota,,0,0,0,0,0,0,0,0,0,0,0,0,0,0,0,0,0,0,0,0,0,0,0,0
922,3,3,1,Andorra,,,,,,,0,0,0,0,1,0,0,,,,,,,,,,,,sBsMWSZmLMXGtyota,,0,0,0,0,0,0,0,0,0,0,0,0,0,0,0,0,0,0,0,0,0,0,0,0
442.5,3,3,3,Gastein,,,,,,,50,103,6,0,0.700680272,0.048,0,,,,,,,,,,,,tnnEoPEQc7HAYYZj8,,1,1,1,1,1,1,1,0,0,0,0,0,0,0,0,0,0,0,0,0,0,0,1,0
35,3,3,3,Gastein,,,,,,,50,103,6,0,0.700680272,0.048,0,,,,,,,,,,,,tnnEoPEQc7HAYYZj8,,1,1,1,1,1,1,1,0,0,0,0,0,0,0,0,0,0,0,0,0,0,0,1,0
740,3,3,2,Kitzbuel,,,,,,,42,100,20,2,0.78125,0.27027027,0.001886792,,,,,,,,,,,,TnRB8ojsqdYRXs7F4,,0,1,1,1,1,1,0,0,0,0,0,0,0,0,0,0,1,1,1,1,1,1,1,1
1700,3,3,2,Kitzbuel,,,,,,,42,100,20,2,0.78125,0.27027027,0.001886792,,,,,,,,,,,,TnRB8ojsqdYRXs7F4,,0,1,1,1,1,1,0,0,0,0,0,0,0,0,0,0,1,1,1,1,1,1,1,1
2380,3,3,3,Gastein,,,,,,,260,16,87,45,0.108843537,0.696,0.050904977,,,,,,,,,,,,TnrvpEqJykkeqjBrb,,1,1,1,1,1,1,1,0,0,0,0,0,0,0,0,0,0,1,1,1,0,1,1,5
546,3,3,3,Gastein,,,,,,,260,16,87,45,0.108843537,0.696,0.050904977,,,,,,,,,,,,TnrvpEqJykkeqjBrb,,1,1,1,1,1,1,1,0,0,0,0,0,0,0,0,0,0,1,1,1,0,1,1,5
2520,3,3,3,Gastein,,,,,,,260,16,87,45,0.108843537,0.696,0.050904977,,,,,,,,,,,,TnrvpEqJykkeqjBrb,,1,1,1,1,1,1,1,0,0,0,0,0,0,0,0,0,0,1,1,1,0,1,1,5
500,3,3,3,Gastein,,,,,,,260,16,87,45,0.108843537,0.696,0.050904977,,,,,,,,,,,,TnrvpEqJykkeqjBrb,,1,1,1,1,1,1,1,0,0,0,0,0,0,0,0,0,0,1,1,1,0,1,1,5
620,3,3,3,Gastein,,,,,,,25,0,0,25,0,0,0.028280543,,,,,,,,,,,,ty8hu9dYoTALnz8qX,,0,0,0,0,0,0,0,0,0,0,0,0,0,0,0,0,0,0,0,0,0,0,0,1
3520,3,3,3,Gastein,,,,,,,287,44,70,142,0.299319728,0.56,0.160633484,,,,,,,,,,,,WCFCuZuyYT7jSWrbi,,0,0,1,1,1,1,1,0,0,0,0,0,0,0,0,0,0,1,0,0,0,0,1,2
4320,3,3,3,Gastein,,,,,,,287,44,70,142,0.299319728,0.56,0.160633484,,,,,,,,,,,,WCFCuZuyYT7jSWrbi,,0,0,1,1,1,1,1,0,0,0,0,0,0,0,0,0,0,1,0,0,0,0,1,2
131,3,3,2,Kitzbuel,,,,,,,277,0,62,90,0,0.837837838,0.08490566,,,,,,,,,,,,wrb7CsRpxq3vvjRWC,,1,1,1,1,1,1,0,0,0,0,0,0,0,0,0,0,0,0,0,0,1,1,1,1
1700,3,3,2,Kitzbuel,,,,,,,277,0,62,90,0,0.837837838,0.08490566,,,,,,,,,,,,wrb7CsRpxq3vvjRWC,,1,1,1,1,1,1,0,0,0,0,0,0,0,0,0,0,0,0,0,0,1,1,1,1
500,3,3,2,Kitzbuel,,,,,,,370,5,66,189,0.0390625,0.891891892,0.178301887,,,,,,,,,,,,xbBTdNQYyQMgRGKE9,,1,1,1,1,1,1,0,0,0,0,0,0,0,0,0,0,0,0,1,0,1,1,1,17
70,3,3,2,Kitzbuel,,,,,,,786,5,74,590,0.0390625,1,0.556603774,,,,,,,,,,,,XnEdHxoRddaLYwK7Y,,1,1,1,1,1,1,0,0,0,0,0,0,0,0,0,0,0,0,1,0,1,1,1,22
700,3,3,2,Kitzbuel,,,,,,,786,5,74,590,0.0390625,1,0.556603774,,,,,,,,,,,,XnEdHxoRddaLYwK7Y,,1,1,1,1,1,1,0,0,0,0,0,0,0,0,0,0,0,0,1,0,1,1,1,22
700,3,3,2,Kitzbuel,,,,,,,786,5,74,590,0.0390625,1,0.556603774,,,,,,,,,,,,XnEdHxoRddaLYwK7Y,,1,1,1,1,1,1,0,0,0,0,0,0,0,0,0,0,0,0,1,0,1,1,1,22
2322,3,3,1,Andorra,,,,,,,20,56,5,13,0.56,0.052631579,0.011393514,,,,,,,,,,,,y5AkarCLtBtMfCE4N,,0,0,0,0,0,1,0,0,0,0,0,0,0,0,0,0,0,0,0,1,0,1,0,8
284,3,3,1,Andorra,,,,,,,20,56,5,13,0.56,0.052631579,0.011393514,,,,,,,,,,,,y5AkarCLtBtMfCE4N,,0,0,0,0,0,1,0,0,0,0,0,0,0,0,0,0,0,0,0,1,0,1,0,8
150,3,3,1,Andorra,,,,,,,19,86,3,4,0.86,0.031578947,0.003505697,,,,,,,,,,,,YDFDoiSR7PDsbfhdG,,1,1,0,1,1,1,0,0,0,0,0,0,0,0,0,0,0,1,0,0,0,0,0,3
4320,3,3,3,Gastein,,,,,,,281,15,53,109,0.102040816,0.424,0.123303167,,,,,,,,,,,,YtXLzxFrbeSK287ts,,1,1,1,1,0,1,1,0,0,0,0,0,0,0,0,0,0,1,0,0,0,0,1,6
1012,3,3,3,Gastein,,,,,,,25,129,1,8,0.87755102,0.008,0.009049774,,,,,,,,,,,,zYNsazpyCfD5fd3Lb,,1,1,1,1,1,1,1,0,0,0,0,0,0,0,0,0,0,1,0,0,0,0,0,4
720,3,3,3,Gastein,,,,,,,25,129,1,8,0.87755102,0.008,0.009049774,,,,,,,,,,,,zYNsazpyCfD5fd3Lb,,1,1,1,1,1,1,1,0,0,0,0,0,0,0,0,0,0,1,0,0,0,0,0,4
100,3,3,3,Gastein,,,,,,,25,129,1,8,0.87755102,0.008,0.009049774,,,,,,,,,,,,zYNsazpyCfD5fd3Lb,,1,1,1,1,1,1,1,0,0,0,0,0,0,0,0,0,0,1,0,0,0,0,0,4
2345,3,3,3,Gastein,,,,,,,25,129,1,8,0.87755102,0.008,0.009049774,,,,,,,,,,,,zYNsazpyCfD5fd3Lb,,1,1,1,1,1,1,1,0,0,0,0,0,0,0,0,0,0,1,0,0,0,0,0,4
0,1,2,3,Gastein,,,,,,,36,0,0,4,0,0,0.003565062,,,,,,,,,,,,,4Dfwvz5kqq5cktpqJ,1,1,1,1,1,1,1,1,1,1,1,1,1,1,1,0,0,0,0,0,0,0,,0
1,1,2,2,Kitzbuel,,,,,,,45,0,7,8,0,1,0.006546645,,,,,,,,,,,,,4KDkpnyf6X9BLMTah,1,1,1,1,1,1,1,1,1,1,1,1,1,1,1,1,1,1,1,0,0,0,,0
1,1,2,3,Gastein,,,,,,,35,1,0,5,0.028571429,0,0.004456328,,,,,,,,,,,,,4xa6umdL5TuWFttSx,1,1,1,1,1,1,1,1,1,1,1,1,1,1,1,0,0,0,0,0,0,0,,0
0,1,2,3,Gastein,,,,,,,39,0,0,9,0,0,0.00802139,,,,,,,,,,,,,55BkbFdZoRXm4hzAp,1,1,1,1,1,1,1,1,1,1,1,1,1,1,1,0,0,0,0,0,0,0,,1
1,1,2,2,Kitzbuel,,,,,,,34,0,0,3,0,0,0.002454992,,,,,,,,,,,,,5Nzbhju24RAzoR7RZ,1,1,1,1,1,1,1,1,1,1,0,1,1,1,1,1,0,0,0,0,0,0,,0
3,1,2,2,Kitzbuel,,,,,,,0,0,0,0,1,0,0,,,,,,,,,,,,,5w3bhX3fQkNkKeeJW,0,0,0,0,0,0,0,0,0,0,0,0,0,0,0,0,0,0,0,0,0,0,,0
7,1,2,3,Gastein,,,,,,,34,5,0,8,0.142857143,0,0.007130125,,,,,,,,,,,,,6abj7GxaoFzSxQyKR,1,1,1,0,1,1,1,1,1,1,0,1,1,1,1,0,0,0,0,0,0,0,,0
3,1,2,3,Gastein,,,,,,,15,13,0,0,0.371428571,0,0,,,,,,,,,,,,,6vv7LPu8Wwsw8AY5d,1,1,1,1,1,1,1,1,0,0,0,1,1,1,1,0,0,0,0,0,0,0,,0
8,1,2,1,Andorra,,,,,,,14,0,14,0,0,0.608695652,0,,,,,,,,,,,,,7XtdCXnDdwEYHfn7A,0,0,0,0,0,0,0,0,0,0,0,0,0,0,0,0,0,1,0,0,0,0,,0
0,1,2,2,Kitzbuel,,,,,,,36,2,5,2,0.060606061,0.714285714,0.001636661,,,,,,,,,,,,,8hgRrydpNCnyLBibZ,1,1,1,1,1,1,1,1,1,1,0,1,1,0,1,1,1,0,1,0,0,0,,0
0,1,2,3,Gastein,,,,,,,36,0,0,6,0,0,0.005347594,,,,,,,,,,,,,8wmTAapMaGb7fJ4pX,1,1,1,1,1,1,1,1,1,1,1,1,1,1,1,0,0,0,0,0,0,0,,0
1,1,2,2,Kitzbuel,,,,,,,40,0,3,4,0,0.428571429,0.003273322,,,,,,,,,,,,,9DctW32hHd67Gwhy7,1,1,1,1,1,1,1,1,1,1,1,1,1,1,1,1,1,0,0,0,0,0,,0
0,1,2,3,Gastein,,,,,,,36,1,0,7,0.028571429,0,0.006238859,,,,,,,,,,,,,9JSTupHexmRZMSDMn,1,1,1,1,1,1,1,1,1,1,1,1,1,1,1,0,0,0,0,0,0,0,,0
13,1,2,1,Andorra,,,,,,,49,0,6,22,0,0.260869565,0.017147311,,,,,,,,,,,,,a9ew7H8AXF7BKCQTk,1,1,1,1,1,1,1,1,1,1,1,1,1,0,0,0,0,0,0,1,1,1,,4
11,1,2,1,Andorra,,,,,,,59,0,21,15,0,0.913043478,0.011691348,,,,,,,,,,,,,aBTTBHBX5hNxt7eYh,1,1,1,1,1,1,1,1,1,1,1,1,1,0,0,0,0,1,0,1,1,1,,2
2,1,2,1,Andorra,,,,,,,0,0,0,0,1,0,0,,,,,,,,,,,,,Ae2ELKhYkDDg7v4tA,0,0,0,0,0,0,0,0,0,0,0,0,0,0,0,0,0,0,0,0,0,0,,0
13,1,2,1,Andorra,,,,,,,0,0,0,0,1,0,0,,,,,,,,,,,,,ahR3z5c9ppKrrNWHs,0,0,0,0,0,0,0,0,0,0,0,0,0,0,0,0,0,0,0,0,0,0,,0
0,1,2,3,Gastein,,,,,,,238,0,0,206,0,0,0.183600713,,,,,,,,,,,,,B7pkmLF8eMBbzLDAc,1,1,1,1,1,1,1,1,1,1,1,1,1,1,1,0,0,0,0,0,0,0,,0
3,1,2,1,Andorra,,,,,,,0,0,0,0,1,0,0,,,,,,,,,,,,,BBKb7n9wjuL97NKMN,0,0,0,0,0,0,0,0,0,0,0,0,0,0,0,0,0,0,0,0,0,0,,0
2,1,2,2,Kitzbuel,,,,,,,29,4,0,0,0.121212121,0,0,,,,,,,,,,,,,bbZcJaMHEf2bu7XZP,1,1,1,1,1,1,1,1,1,1,1,0,1,0,1,1,0,0,0,0,0,0,,0
0,1,2,3,Gastein,,,,,,,0,0,0,0,1,0,0,,,,,,,,,,,,,bhfutCuJD79TbpB3S,0,0,0,0,0,0,0,0,0,0,0,0,0,0,0,0,0,0,0,0,0,0,,0
13,1,2,3,Gastein,,,,,,,23,1,0,4,0.028571429,0,0.003565062,,,,,,,,,,,,,BnSP7TkbyXJ4H9CJd,1,1,1,1,1,1,1,1,0,0,0,1,0,0,0,0,0,0,0,0,0,0,,0
1,1,2,1,Andorra,,,,,,,16,12,3,4,0.4,0.130434783,0.003117693,,,,,,,,,,,,,BRBBiSbSwHdiQJdHo,1,1,1,1,1,1,1,1,0,1,1,1,1,0,0,0,0,0,1,1,0,0,,0
6,1,2,3,Gastein,,,,,,,21,0,0,4,0,0,0.003565062,,,,,,,,,,,,,bTSSJQX63pMoGRuEE,1,1,1,0,0,1,1,1,0,0,0,1,0,1,1,0,0,0,0,0,0,0,,0
2,1,2,1,Andorra,,,,,,,37,0,6,11,0,0.260869565,0.008573655,,,,,,,,,,,,,btzQpGAuKr7Wm3h7v,1,1,0,0,1,1,1,1,1,1,1,1,1,0,0,0,0,0,0,0,1,1,,1
0,1,2,3,Gastein,,,,,,,0,0,0,0,1,0,0,,,,,,,,,,,,,CvWxJ4eudvR85AvR3,0,0,0,0,0,0,0,0,0,0,0,0,0,0,0,0,0,0,0,0,0,0,,0
1,1,2,2,Kitzbuel,,,,,,,38,2,4,4,0.060606061,0.571428571,0.003273322,,,,,,,,,,,,,CWvWimc3qYRGczC8N,1,1,1,1,1,1,1,1,1,1,1,1,1,0,1,1,0,1,1,0,0,0,,0
1,1,2,1,Andorra,,,,,,,33,0,2,7,0,0.086956522,0.005455963,,,,,,,,,,,,,DhxcAAGzcraEKeoNX,1,1,1,1,1,1,1,1,1,1,1,1,1,0,0,0,0,0,0,1,0,0,,0
1,1,2,1,Andorra,,,,,,,0,0,0,0,1,0,0,,,,,,,,,,,,,DirijMAhpX7Gwc5Qd,0,0,0,0,0,0,0,0,0,0,0,0,0,0,0,0,0,0,0,0,0,0,,0
2,1,2,2,Kitzbuel,,,,,,,15,16,1,1,0.484848485,0.142857143,0.000818331,,,,,,,,,,,,,DnAwzL2JNYuMpKNhg,1,1,1,1,1,1,1,1,1,1,1,0,0,1,0,1,0,0,1,0,0,0,,0
2,1,2,2,Kitzbuel,,,,,,,0,0,0,0,1,0,0,,,,,,,,,,,,,doNh5nYtsAsGNZ99G,0,0,0,0,0,0,0,0,0,0,0,0,0,0,0,0,0,0,0,0,0,0,,0
1,1,2,2,Kitzbuel,,,,,,,0,0,0,0,1,0,0,,,,,,,,,,,,,DpmA7HK5zZRKLBs4q,0,0,0,0,0,0,0,0,0,0,0,0,0,0,0,0,0,0,0,0,0,0,,0
3,1,2,1,Andorra,,,,,,,40,0,4,14,0,0.173913043,0.010911925,,,,,,,,,,,,,EciwkniWvBK2PwEaL,1,1,1,1,1,1,1,1,1,1,1,1,1,0,0,0,0,0,0,0,1,1,,1
3,1,2,1,Andorra,,,,,,,61,0,6,31,0,0.260869565,0.02416212,,,,,,,,,,,,,eEKa7aToqSoHGwXbY,1,1,1,1,1,1,1,1,1,1,1,1,1,0,0,0,0,0,0,0,1,1,,0
2,1,2,3,Gastein,,,,,,,30,5,0,0,0.142857143,0,0,,,,,,,,,,,,,eiWsd88NB4jKvP7bc,1,1,1,1,1,0,0,1,1,1,1,1,1,1,1,0,0,0,0,0,0,0,,0
0,1,2,3,Gastein,,,,,,,0,0,0,0,1,0,0,,,,,,,,,,,,,EKe3fpKHxpyr8jTDc,0,0,0,0,0,0,0,0,0,0,0,0,0,0,0,0,0,0,0,0,0,0,,0
2,1,2,1,Andorra,,,,,,,0,0,0,0,1,0,0,,,,,,,,,,,,,emefbpvJdTgXRnZrT,0,0,0,0,0,0,0,0,0,0,0,0,0,0,0,0,0,0,0,0,0,0,,0
8,1,2,1,Andorra,,,,,,,13,18,0,3,0.6,0,0.00233827,,,,,,,,,,,,,EPCj8yFAK5EhftJMy,1,1,1,1,1,0,0,0,0,0,0,0,1,0,0,0,0,0,0,0,0,0,,0
2,1,2,3,Gastein,,,,,,,0,0,0,0,1,0,0,,,,,,,,,,,,,EY264W5uZMMsDpB6Q,0,0,0,0,0,0,0,0,0,0,0,0,0,0,0,0,0,0,0,0,0,0,,0
9,1,2,3,Gastein,,,,,,,0,0,0,0,1,0,0,,,,,,,,,,,,,FAnEpNQYrG2bHoyTX,0,0,0,0,0,0,0,0,0,0,0,0,0,0,0,0,0,0,0,0,0,0,,0
0,1,2,3,Gastein,,,,,,,0,0,0,0,1,0,0,,,,,,,,,,,,,FioB4t3LZECbLXdvn,0,0,0,0,0,0,0,0,0,0,0,0,0,0,0,0,0,0,0,0,0,0,,0
0,1,2,3,Gastein,,,,,,,36,0,0,3,0,0,0.002673797,,,,,,,,,,,,,FnDMMqcSQh9dmP4Wk,1,1,1,1,1,1,1,1,1,1,1,1,1,1,1,0,0,0,0,0,0,0,,0
3,1,2,1,Andorra,,,,,,,39,0,6,10,0,0.260869565,0.007794232,,,,,,,,,,,,,fxG5PssWQtsyRNYX6,1,1,1,1,1,1,1,1,1,1,1,1,1,0,0,0,0,0,0,1,1,1,,0
13,1,2,1,Andorra,,,,,,,0,0,0,0,1,0,0,,,,,,,,,,,,,G2a5WeNAJuktYcKfo,0,0,0,0,0,0,0,0,0,0,0,0,0,0,0,0,0,0,0,0,0,0,,0
1,1,2,3,Gastein,,,,,,,0,0,0,0,1,0,0,,,,,,,,,,,,,gDjsstq39tYN8gimb,0,0,0,0,0,0,0,0,0,0,0,0,0,0,0,0,0,0,0,0,0,0,,0
0,1,2,3,Gastein,,,,,,,35,4,0,6,0.114285714,0,0.005347594,,,,,,,,,,,,,h7J4TbWBAkqFtMvj8,1,1,1,1,0,1,1,1,1,1,1,1,1,1,1,0,0,0,0,0,0,0,,0
0,1,2,3,Gastein,,,,,,,36,0,0,4,0,0,0.003565062,,,,,,,,,,,,,h7u5G8Eog6fxkrEBG,1,1,1,1,1,1,1,1,1,1,1,1,1,1,1,0,0,0,0,0,0,0,,0
6,1,2,2,Kitzbuel,,,,,,,50,0,7,12,0,1,0.009819967,,,,,,,,,,,,,HcxCSD7AXG74ycw6X,1,1,1,1,1,1,1,1,1,1,1,1,1,1,1,1,1,1,1,0,0,0,,3
1,1,2,2,Kitzbuel,,,,,,,41,0,3,7,0,0.428571429,0.005728314,,,,,,,,,,,,,HQ5STHeAp3wtKKxRt,1,1,1,1,1,1,1,1,1,1,1,1,1,1,1,1,1,0,0,0,0,0,,0
0,1,2,1,Andorra,,,,,,,0,0,0,0,1,0,0,,,,,,,,,,,,,i6t4bGDwb4BkgmBnY,0,0,0,0,0,0,0,0,0,0,0,0,0,0,0,0,0,0,0,0,0,0,,0
5,1,2,3,Gastein,,,,,,,23,6,0,5,0.171428571,0,0.004456328,,,,,,,,,,,,,i9uvvmGqkGr4FLA6N,1,1,1,0,0,0,0,1,1,1,1,1,1,1,1,0,0,0,0,0,0,0,,0
7,1,2,1,Andorra,,,,,,,0,0,0,0,1,0,0,,,,,,,,,,,,,igitxPrtfyKZbxhnZ,0,0,0,0,0,0,0,0,0,0,0,0,0,0,0,0,0,0,0,0,0,0,,0
3,1,2,1,Andorra,,,,,,,34,0,2,7,0,0.086956522,0.005455963,,,,,,,,,,,,,ixaPooAg5ds72AgCa,1,1,1,1,1,1,1,1,1,1,1,1,1,0,0,0,0,0,0,0,0,0,,0
10,1,2,1,Andorra,,,,,,,37,0,4,10,0,0.173913043,0.007794232,,,,,,,,,,,,,iZZWFEfsWooChhknW,1,1,1,1,1,1,1,1,1,1,1,1,1,0,0,0,0,0,0,0,1,1,,0
9,1,2,1,Andorra,,,,,,,64,0,21,20,0,0.913043478,0.015588465,,,,,,,,,,,,,JANToA2JsQrZ8ofAQ,1,1,1,1,1,1,1,1,1,1,1,1,1,0,0,0,0,1,0,0,1,1,,1
4,1,2,3,Gastein,,,,,,,21,7,0,2,0.2,0,0.001782531,,,,,,,,,,,,,JkKQWHKDQNLxBSi7T,1,1,1,0,0,1,1,1,1,1,1,1,1,1,1,0,0,0,0,0,0,0,,0
1,1,2,1,Andorra,,,,,,,0,0,0,0,1,0,0,,,,,,,,,,,,,jLWBYT2LqE2cAm32J,0,0,0,0,0,0,0,0,0,0,0,0,0,0,0,0,0,0,0,0,0,0,,0
3,1,2,1,Andorra,,,,,,,40,2,8,10,0.066666667,0.347826087,0.007794232,,,,,,,,,,,,,jR8MSF7HGowtTP5Sn,1,1,1,1,1,1,1,1,1,0,1,1,1,0,0,0,0,0,1,1,1,1,,0
3,1,2,2,Kitzbuel,,,,,,,27,4,0,2,0.121212121,0,0.001636661,,,,,,,,,,,,,k6m5siGWsLv2u7gkP,1,1,1,1,1,1,1,1,1,1,1,0,1,0,1,0,0,0,0,0,0,0,,0
0,1,2,3,Gastein,,,,,,,38,0,0,6,0,0,0.005347594,,,,,,,,,,,,,KGyE2QREHQJJtrG5s,1,1,1,1,1,1,1,1,1,1,1,1,1,1,1,0,0,0,0,0,0,0,,0
2,1,2,2,Kitzbuel,,,,,,,0,0,0,0,1,0,0,,,,,,,,,,,,,KHXbitafTJQ3GnvPk,0,0,0,0,0,0,0,0,0,0,0,0,0,0,0,0,0,0,0,0,0,0,,0
2,1,2,1,Andorra,,,,,,,38,2,6,10,0.066666667,0.260869565,0.007794232,,,,,,,,,,,,,kRzZe7NXFWtbdihi6,1,1,1,0,1,1,1,1,1,1,1,1,1,0,0,0,0,0,0,0,1,1,,0
0,1,2,3,Gastein,,,,,,,36,0,0,9,0,0,0.00802139,,,,,,,,,,,,,kspdKdEHcM8dMp5wx,1,1,1,1,1,1,1,1,1,1,1,1,1,1,1,0,0,0,0,0,0,0,,0
0,1,2,3,Gastein,,,,,,,36,0,0,4,0,0,0.003565062,,,,,,,,,,,,,kZAQW84mrGB8WaKya,1,1,1,1,1,1,1,1,1,1,1,1,1,1,1,0,0,0,0,0,0,0,,0
1,1,2,1,Andorra,,,,,,,39,0,6,10,0,0.260869565,0.007794232,,,,,,,,,,,,,Mh6KF95qiG2MPyGxk,1,1,1,1,1,1,1,1,1,1,1,1,1,0,0,0,0,0,0,1,1,1,,0
3,1,2,2,Kitzbuel,,,,,,,34,3,0,16,0.090909091,0,0.01309329,,,,,,,,,,,,,mnQEZ8oJSXEsgP2aR,0,1,1,1,1,1,1,1,1,1,0,0,0,0,0,0,0,0,0,0,0,0,,0
2,1,2,2,Kitzbuel,,,,,,,0,0,0,0,1,0,0,,,,,,,,,,,,,n4SHGQtj4AqrkwGut,0,0,0,0,0,0,0,0,0,0,0,0,0,0,0,0,0,0,0,0,0,0,,0
0,1,2,3,Gastein,,,,,,,60,0,0,28,0,0,0.024955437,,,,,,,,,,,,,N9Z93awHd9PHwoHta,1,1,1,1,1,1,1,1,1,1,1,1,1,1,1,0,0,0,0,0,0,0,,0
2,1,2,3,Gastein,,,,,,,31,3,0,4,0.085714286,0,0.003565062,,,,,,,,,,,,,nCu3BX8xgEwM7DtTC,1,1,1,1,1,1,1,0,1,1,1,1,0,1,1,0,0,0,0,0,0,0,,0
3,1,2,2,Kitzbuel,,,,,,,38,0,4,3,0,0.571428571,0.002454992,,,,,,,,,,,,,NmXn6bMSqwbrAukPG,1,1,1,1,1,1,1,1,1,1,0,1,1,1,1,1,0,1,1,0,0,0,,0
1,1,2,2,Kitzbuel,,,,,,,35,2,0,9,0.060606061,0,0.007364975,,,,,,,,,,,,,nZfox4WCfqGvdyd3n,1,1,1,1,1,1,1,1,1,1,1,1,1,0,1,1,0,0,0,0,0,0,,1
3,1,2,2,Kitzbuel,,,,,,,27,4,0,3,0.121212121,0,0.002454992,,,,,,,,,,,,,oGM8kS5LPGfghufMA,1,1,1,1,1,1,1,1,1,1,0,0,1,0,1,1,0,0,0,0,0,0,,0
3,1,2,2,Kitzbuel,,,,,,,0,0,0,0,1,0,0,,,,,,,,,,,,,oQikxxG9G3962SsnZ,0,0,0,0,0,0,0,0,0,0,0,0,0,0,0,0,0,0,0,0,0,0,,0
7,1,2,3,Gastein,,,,,,,0,0,0,0,1,0,0,,,,,,,,,,,,,oybjJEbDhd7AiGvpa,0,0,0,0,0,0,0,0,0,0,0,0,0,0,0,0,0,0,0,0,0,0,,0
1,1,2,2,Kitzbuel,,,,,,,32,2,0,3,0.060606061,0,0.002454992,,,,,,,,,,,,,PBkMtg35qKFsF5RfC,1,1,1,1,1,1,1,1,1,1,1,0,1,1,1,1,0,0,0,0,0,0,,0
1,1,2,2,Kitzbuel,,,,,,,0,0,0,0,1,0,0,,,,,,,,,,,,,PDbB4CnXAdd2NFMAF,0,0,0,0,0,0,0,0,0,0,0,0,0,0,0,0,0,0,0,0,0,0,,0
1,1,2,3,Gastein,,,,,,,0,0,0,0,1,0,0,,,,,,,,,,,,,pjCLuT5QcYuttLs9s,0,0,0,0,0,0,0,0,0,0,0,0,0,0,0,0,0,0,0,0,0,0,,0
3,1,2,1,Andorra,,,,,,,0,0,0,0,1,0,0,,,,,,,,,,,,,pjiLLE2LN4cZ37ixW,0,0,0,0,0,0,0,0,0,0,0,0,0,0,0,0,0,0,0,0,0,0,,0
1,1,2,2,Kitzbuel,,,,,,,0,0,0,0,1,0,0,,,,,,,,,,,,,PLuSPAiRom5JxRXJ9,0,0,0,0,0,0,0,0,0,0,0,0,0,0,0,0,0,0,0,0,0,0,,0
6,1,2,1,Andorra,,,,,,,46,0,8,14,0,0.347826087,0.010911925,,,,,,,,,,,,,Prg5iEdeb2MY7NoH6,1,1,1,1,1,1,1,1,1,1,1,1,1,0,0,0,0,0,0,0,1,1,,2
7,1,2,3,Gastein,,,,,,,27,5,0,5,0.142857143,0,0.004456328,,,,,,,,,,,,,QAohqrx7ATGdTsTKj,1,1,1,0,1,0,1,1,1,1,1,1,1,0,0,0,0,0,0,0,0,0,,0
2,1,2,2,Kitzbuel,,,,,,,0,0,0,0,1,0,0,,,,,,,,,,,,,qBD8eXi7Gr3EuTKsw,0,0,0,0,0,0,0,0,0,0,0,0,0,0,0,0,0,0,0,0,0,0,,0
8,1,2,3,Gastein,,,,,,,0,0,0,0,1,0,0,,,,,,,,,,,,,Qcfv8gJTGwMEwsDys,0,0,0,0,0,0,0,0,0,0,0,0,0,0,0,0,0,0,0,0,0,0,,0
4,1,2,2,Kitzbuel,,,,,,,41,0,4,7,0,0.571428571,0.005728314,,,,,,,,,,,,,qPE67unWk4W7kAsgJ,1,1,1,1,1,1,1,1,1,1,1,1,1,1,1,1,0,1,1,0,0,0,,1
0,1,2,3,Gastein,,,,,,,0,0,0,0,1,0,0,,,,,,,,,,,,,qrNkbNN6h9arZjrMf,0,0,0,0,0,0,0,0,0,0,0,0,0,0,0,0,0,0,0,0,0,0,,0
1,1,2,3,Gastein,,,,,,,30,0,0,4,0,0,0.003565062,,,,,,,,,,,,,RBjWzs3GowdXqhv6r,1,1,1,0,0,1,1,1,1,1,1,1,1,1,1,0,0,0,0,0,0,0,,0
8,1,2,1,Andorra,,,,,,,53,0,20,10,0,0.869565217,0.007794232,,,,,,,,,,,,,rfZn8wkFsLSYum6m2,1,1,1,1,1,1,1,1,1,1,1,1,1,0,0,0,0,1,0,1,1,1,,0
0,1,2,3,Gastein,,,,,,,18,16,0,0,0.457142857,0,0,,,,,,,,,,,,,RNBQZic7jAgF9dtSD,1,1,1,1,1,1,1,1,1,1,1,1,1,1,1,0,0,0,0,0,0,0,,0
1,1,2,1,Andorra,,,,,,,34,2,2,9,0.066666667,0.086956522,0.007014809,,,,,,,,,,,,,rRdANEwjwhZvtx9uF,1,1,1,0,0,1,1,1,1,1,1,1,1,0,0,0,0,0,0,0,0,1,,0
0,1,2,1,Andorra,,,,,,,31,0,0,8,0,0,0.006235386,,,,,,,,,,,,,RsjRXJF8tWGzj6TKd,1,1,1,1,1,1,1,1,1,1,1,1,1,0,0,0,0,0,0,0,0,0,,0
4,1,2,3,Gastein,,,,,,,24,0,0,3,0,0,0.002673797,,,,,,,,,,,,,rWXpPais86WstyoXx,1,1,1,0,0,1,1,1,1,1,1,1,1,0,0,0,0,0,0,0,0,0,,0
0,1,2,3,Gastein,,,,,,,36,1,0,6,0.028571429,0,0.005347594,,,,,,,,,,,,,SKzEJ8iYyhPCWdhcw,1,1,1,1,1,1,1,1,1,1,1,1,1,1,1,0,0,0,0,0,0,0,,0
2,1,2,1,Andorra,,,,,,,26,0,0,8,0,0,0.006235386,,,,,,,,,,,,,SMB9ALG2EbScWfiGW,0,0,1,1,1,1,1,1,1,1,1,1,1,0,0,0,0,0,0,0,0,0,,0
3,1,2,2,Kitzbuel,,,,,,,0,0,0,0,1,0,0,,,,,,,,,,,,,tWby9ypPg7baj4JSz,0,0,0,0,0,0,0,0,0,0,0,0,0,0,0,0,0,0,0,0,0,0,,0
3,1,2,2,Kitzbuel,,,,,,,44,1,3,11,0.03030303,0.428571429,0.009001637,,,,,,,,,,,,,uCqn9XbwD68zy7dHe,1,1,1,1,1,1,1,1,1,1,1,1,1,1,1,1,0,1,1,0,0,0,,1
1,1,2,2,Kitzbuel,,,,,,,0,0,0,0,1,0,0,,,,,,,,,,,,,uENGWSwoHT3Nyk72k,0,0,0,0,0,0,0,0,0,0,0,0,0,0,0,0,0,0,0,0,0,0,,0
0,1,2,2,Kitzbuel,,,,,,,0,0,0,0,1,0,0,,,,,,,,,,,,,uuqN4FoTzQRvuoJCh,0,0,0,0,0,0,0,0,0,0,0,0,0,0,0,0,0,0,0,0,0,0,,0
1,1,2,2,Kitzbuel,,,,,,,36,4,4,3,0.121212121,0.571428571,0.002454992,,,,,,,,,,,,,vJNxW32dsYy37a3Xb,1,1,1,1,1,1,1,1,1,1,1,0,1,0,1,1,0,1,0,0,0,0,,0
1,1,2,2,Kitzbuel,,,,,,,22,13,1,1,0.393939394,0.142857143,0.000818331,,,,,,,,,,,,,vLPLbykMckjzAF6iw,1,1,1,1,1,1,1,1,1,1,1,0,1,0,1,1,0,1,0,0,0,0,,0
0,1,2,3,Gastein,,,,,,,0,0,0,0,1,0,0,,,,,,,,,,,,,vqTwpeqECCgFMRXo4,0,0,0,0,0,0,0,0,0,0,0,0,0,0,0,0,0,0,0,0,0,0,,0
7,1,2,3,Gastein,,,,,,,20,4,0,3,0.114285714,0,0.002673797,,,,,,,,,,,,,vYRGAmcypvfkui2fh,1,1,1,0,0,0,0,1,1,1,1,1,0,0,0,0,0,0,0,0,0,0,,0
4,1,2,1,Andorra,,,,,,,0,0,0,0,1,0,0,,,,,,,,,,,,,WCavHXvrBXJJ5aBdk,0,0,0,0,0,0,0,0,0,0,0,0,0,0,0,0,0,0,0,0,0,0,,0
4,1,2,1,Andorra,,,,,,,0,0,0,0,1,0,0,,,,,,,,,,,,,Wh6cSrMi8beEtdbKH,0,0,0,0,0,0,0,0,0,0,0,0,0,0,0,0,0,0,0,0,0,0,,0
1,1,2,1,Andorra,,,,,,,31,0,2,7,0,0.086956522,0.005455963,,,,,,,,,,,,,wYRvfPz5kR74zFwHA,0,0,1,1,1,1,1,1,1,1,1,1,1,0,0,0,0,0,0,0,0,0,,0
0,1,2,2,Kitzbuel,,,,,,,34,4,4,2,0.121212121,0.571428571,0.001636661,,,,,,,,,,,,,xbbWDGdAFwQwgMSme,1,1,1,1,1,1,1,1,1,1,1,0,1,0,1,1,0,1,1,0,0,0,,0
8,1,2,1,Andorra,,,,,,,0,0,0,0,1,0,0,,,,,,,,,,,,,xBK5EapoLrLm65Nin,0,0,0,0,0,0,0,0,0,0,0,0,0,0,0,0,0,0,0,0,0,0,,0
33,1,2,2,Kitzbuel,,,,,,,0,0,0,0,1,0,0,,,,,,,,,,,,,XBotocyQZPZxqL4Sh,0,0,0,0,0,0,0,0,0,0,0,0,0,0,0,0,0,0,0,0,0,0,,0
1,1,2,3,Gastein,,,,,,,36,3,0,10,0.085714286,0,0.008912656,,,,,,,,,,,,,XPkCyBqSfp3C9P4cE,1,1,1,0,1,1,1,1,1,1,1,1,1,1,1,0,0,0,0,0,0,0,,0
0,1,2,3,Gastein,,,,,,,0,0,0,0,1,0,0,,,,,,,,,,,,,Xsyk8BtRr3prRNNsM,0,0,0,0,0,0,0,0,0,0,0,0,0,0,0,0,0,0,0,0,0,0,,0
1,1,2,3,Gastein,,,,,,,32,4,0,6,0.114285714,0,0.005347594,,,,,,,,,,,,,Ycqe3N9yNC9nypEgR,1,1,1,1,0,1,1,1,1,1,1,1,1,1,1,0,0,0,0,0,0,0,,0
2,1,2,2,Kitzbuel,,,,,,,29,4,0,2,0.121212121,0,0.001636661,,,,,,,,,,,,,yDzdoAM2RQxTopY8a,1,1,1,1,1,1,1,1,1,1,1,0,1,0,1,1,0,0,0,0,0,0,,0
1,1,2,2,Kitzbuel,,,,,,,0,0,0,0,1,0,0,,,,,,,,,,,,,ZacguPvqvLDPZofsr,0,0,0,0,0,0,0,0,0,0,0,0,0,0,0,0,0,0,0,0,0,0,,0
13,1,2,1,Andorra,,,,,,,10,21,0,1,0.7,0,0.000779423,,,,,,,,,,,,,zsFAXKtgWcubihjF3,1,1,1,0,1,0,0,0,0,0,0,0,0,0,0,0,0,0,0,0,0,0,,0
3,2,3,1,Andorra,,,,,,,237,34,0,83,0.178947368,0,0.074774775,,,,,,,,,,,,2FB74NWeFi8ZxAhLS,CfzhaGh3wQMMh6kzf,1,1,1,1,1,1,1,1,1,1,0,0,0,0,0,0,0,0,0,0,0,0,,5
5,2,3,3,Gastein,,,,,,,301,2,4,210,0.021052632,1,0.198675497,,,,,,,,,,,,2jj2RbWGBQeLv4wvh,aizRbxFZA8YgMc9rh,1,0,1,1,1,1,1,1,0,0,0,0,0,0,0,0,1,0,0,0,0,0,,1
1,2,3,3,Gastein,,,,,,,301,2,4,210,0.021052632,1,0.198675497,,,,,,,,,,,,2jj2RbWGBQeLv4wvh,kdazHkza45ka8gzSP,1,0,1,1,1,1,1,1,0,0,0,0,0,0,0,0,1,0,0,0,0,0,,1
2,2,3,3,Gastein,,,,,,,62,20,0,10,0.210526316,0,0.009460738,,,,,,,,,,,,2kKzBMSmZ8AxbM4LK,mjwH24fNvYSdmYWpF,1,0,1,1,0,1,1,1,0,0,0,0,0,0,0,0,0,0,0,0,0,0,,1
0,2,3,1,Andorra,,,,,,,132,111,5,48,0.584210526,0.135135135,0.043243243,,,,,,,,,,,,2xuoGBZKw4B9Aw2ET,t99dKqLb62stzbwNa,1,1,1,1,0,1,1,1,1,1,0,0,0,0,0,0,1,0,0,0,0,0,,5
4,2,3,3,Gastein,,,,,,,140,26,0,72,0.273684211,0,0.068117313,,,,,,,,,,,,3m4oxARojBXN7nSgQ,uopo6jjSwoMFfWYZK,1,1,1,1,1,1,1,1,0,0,0,0,0,0,0,0,0,0,0,0,0,0,,8
4,2,3,3,Gastein,,,,,,,191,17,0,120,0.178947368,0,0.113528855,,,,,,,,,,,,4BG6nsBwE8RA94tDz,sntR59zZRFwXHqnYj,1,1,1,1,1,1,1,1,0,0,0,0,0,0,0,0,0,0,0,0,0,0,,21
10,2,3,1,Andorra,,,,,,,201,30,0,43,0.157894737,0,0.038738739,,,,,,,,,,,,62ZGuc9yk4WpgLbYm,hdww7FNhsnjJf7sXa,1,1,1,1,1,1,1,1,1,1,0,0,0,0,0,0,0,0,0,0,0,0,,1
0,2,3,2,Kitzbuel,,,,,,,211,26,0,106,0.194029851,0,0.097785978,,,,,,,,,,,,6RTQ9XtKDE48YJgRW,zcRCwrm5Fz7YaJK2Y,1,1,1,1,0,1,1,1,1,1,1,0,0,0,0,0,0,0,0,0,0,0,,2
8,2,3,1,Andorra,,,,,,,82,113,5,2,0.594736842,0.135135135,0.001801802,,,,,,,,,,,,6xuTLxj7omdadAf8A,LoyujMnfyxRch79dP,1,1,1,1,0,1,1,1,1,1,0,0,0,0,0,0,1,0,0,0,0,0,,0
3,2,3,3,Gastein,,,,,,,148,8,0,68,0.084210526,0,0.064333018,,,,,,,,,,,,7aakAAbe9L7Kgj3Pn,678gyNKYDrxnbjiby,1,0,1,1,1,1,1,1,0,0,0,0,0,0,0,0,0,0,0,0,0,0,,4
1,2,3,2,Kitzbuel,,,,,,,172,31,13,59,0.231343284,0.295454545,0.054428044,,,,,,,,,,,,8dF4fzgPH4nN7Zgfe,P6rjF3NbBfCr3uoeJ,1,1,1,1,0,1,1,1,1,1,1,0,0,0,0,0,1,0,0,0,0,0,,2
2,2,3,2,Kitzbuel,,,,,,,683,0,0,551,0,0,0.508302583,,,,,,,,,,,,8evzKt49nh3gHcPLk,hCAgHazoxZjitjPac,1,1,1,1,1,1,1,1,1,1,1,0,0,0,0,0,0,0,0,0,0,0,,9
3,2,3,2,Kitzbuel,,,,,,,301,37,0,208,0.276119403,0,0.191881919,,,,,,,,,,,,8hEgrvw5Me7gycMzL,33yn3KrNJSf9eAgBq,1,1,1,1,0,1,1,1,1,1,1,0,0,0,0,0,0,0,0,0,0,0,,15
6,2,3,3,Gastein,,,,,,,48,54,1,15,0.568421053,0.25,0.014191107,,,,,,,,,,,,8QWL3ZAXzrsYu7qs6,HfJG7HdAfD4uqc9Ym,1,0,1,1,1,1,1,1,0,0,0,0,0,0,0,0,1,0,0,0,0,0,,4
1,2,3,1,Andorra,,,,,,,176,34,15,9,0.178947368,0.405405405,0.008108108,,,,,,,,,,,,9RjGkzj9iNznwXC9b,9grYc8Aw7SQfq6CMQ,1,1,1,1,1,1,1,1,1,1,0,0,0,0,0,0,1,0,0,0,0,0,,0
1,2,3,1,Andorra,,,,,,,176,34,15,9,0.178947368,0.405405405,0.008108108,,,,,,,,,,,,9RjGkzj9iNznwXC9b,TaMeS3RrPLCxXgvrv,1,1,1,1,1,1,1,1,1,1,0,0,0,0,0,0,1,0,0,0,0,0,,0
2,2,3,1,Andorra,,,,,,,176,34,15,9,0.178947368,0.405405405,0.008108108,,,,,,,,,,,,9RjGkzj9iNznwXC9b,BNozcYtj2JLwYdJYm,1,1,1,1,1,1,1,1,1,1,0,0,0,0,0,0,1,0,0,0,0,0,,0
1,2,3,1,Andorra,,,,,,,176,34,15,9,0.178947368,0.405405405,0.008108108,,,,,,,,,,,,9RjGkzj9iNznwXC9b,qzyJtQvkChriRWA8e,1,1,1,1,1,1,1,1,1,1,0,0,0,0,0,0,1,0,0,0,0,0,,0
3,2,3,2,Kitzbuel,,,,,,,583,0,44,408,0,1,0.376383764,,,,,,,,,,,,9WyGpKTYZpq3zAwjq,g9ZmT99GYDr9ZxLaq,1,1,1,1,1,1,1,1,1,1,1,0,0,0,0,0,0,1,0,0,0,0,,3
0,2,3,1,Andorra,,,,,,,81,111,0,3,0.584210526,0,0.002702703,,,,,,,,,,,,Ax3NrrmRP6w2C6NaX,w76pkzzZvcXJaNNwY,1,1,1,1,0,1,1,1,1,1,0,0,0,0,0,0,0,0,0,0,0,0,,0
2,2,3,1,Andorra,,,,,,,430,18,0,259,0.094736842,0,0.233333333,,,,,,,,,,,,BFYZBxvvCNkDmqAZ5,vQzXSNspmWNicPawF,1,1,1,1,1,1,1,1,1,1,0,0,0,0,0,0,0,0,0,0,0,0,,3
0,2,3,3,Gastein,,,,,,,59,20,0,1,0.210526316,0,0.000946074,,,,,,,,,,,,bi4oJgjjNJfoZEinQ,om9SmTDFPfcYdG2Jq,0,0,1,1,1,1,1,1,0,0,0,0,0,0,0,0,0,0,0,0,0,0,,0
2,2,3,2,Kitzbuel,,,,,,,400,23,13,281,0.171641791,0.295454545,0.259225092,,,,,,,,,,,,Bwj6RLTWwH2ic7qKk,toAj5bLw8nQaheYuM,1,1,1,1,0,1,1,1,1,1,1,0,0,0,0,0,1,0,0,0,0,0,,5
4,2,3,3,Gastein,,,,,,,460,0,1,385,0,0.25,0.364238411,,,,,,,,,,,,bWphFZYwZANEipnfm,MBsedXFHJQM7gh4RF,1,0,0,1,1,1,1,1,0,0,0,0,0,0,0,0,1,0,0,0,0,0,,6
3,2,3,3,Gastein,,,,,,,218,24,0,150,0.252631579,0,0.141911069,,,,,,,,,,,,CHE2sD4byG9nC6RFK,sa6zz3wWehamnW9LT,1,1,1,1,1,1,1,1,0,0,0,0,0,0,0,0,0,0,0,0,0,0,,7
6,2,3,3,Gastein,,,,,,,98,19,0,35,0.2,0,0.033112583,,,,,,,,,,,,DSwb5bR2sxAZvrbZD,RKisNyiuJHdCBbSZN,1,1,1,1,1,1,1,0,0,0,0,0,0,0,0,0,0,0,0,0,0,0,,4
3,2,3,3,Gastein,,,,,,,105,17,0,28,0.178947368,0,0.026490066,,,,,,,,,,,,dtgNbSPhp83rAJTpo,F9EftxXpYcyNxbwbc,1,1,1,1,1,1,1,1,0,0,0,0,0,0,0,0,0,0,0,0,0,0,,10
0,2,3,2,Kitzbuel,,,,,,,201,47,31,95,0.350746269,0.704545455,0.087638376,,,,,,,,,,,,eEnLgAh7z689u5Cvi,6dAP6KAh7mMzssmbN,1,1,1,1,0,1,1,1,1,0,1,0,0,0,0,0,0,1,0,0,0,0,,3
4,2,3,1,Andorra,,,,,,,378,33,19,204,0.173684211,0.513513514,0.183783784,,,,,,,,,,,,eGfBvHQG4cMKBNFEN,EN956SLmAo752uYJu,1,1,1,1,0,1,1,1,1,1,0,0,0,0,0,0,1,0,0,0,0,0,,11
1,2,3,2,Kitzbuel,,,,,,,83,64,5,14,0.47761194,0.113636364,0.012915129,,,,,,,,,,,,f47bPiGwv6psEW5Zg,zAGFwQ4yPea3vbEkS,1,1,1,1,1,1,1,1,1,1,1,0,0,0,0,0,1,0,0,0,0,0,,2
3,2,3,2,Kitzbuel,,,,,,,426,6,44,275,0.044776119,1,0.253690037,,,,,,,,,,,,FNaYYxsPdKnxWYRqL,kXXJK4iNrcEm9iqH6,1,1,1,1,1,1,1,1,0,0,1,0,0,0,0,0,0,1,0,0,0,0,,1
1,2,3,2,Kitzbuel,,,,,,,374,7,13,239,0.052238806,0.295454545,0.220479705,,,,,,,,,,,,fnuN69tSMuNCC2BHf,xDhqobG3dwFxZWpoT,1,1,1,1,1,1,1,1,1,1,1,0,0,0,0,0,0,0,0,0,0,0,,7
0,2,3,3,Gastein,,,,,,,133,36,0,79,0.378947368,0,0.07473983,,,,,,,,,,,,Hk9wHJkq2sLNM2xXr,D23QgbK3r8WvnuL2N,1,1,1,1,1,1,1,1,0,0,0,0,0,0,0,0,0,0,0,0,0,0,,18
3,2,3,1,Andorra,,,,,,,159,57,16,29,0.3,0.432432432,0.026126126,,,,,,,,,,,,htWjE85dGERfdpe5A,ZxvS73FZz4hsq5tJE,0,1,1,1,0,1,1,1,1,1,0,0,0,0,0,0,1,0,0,0,0,0,,0
3,2,3,3,Gastein,,,,,,,285,3,0,202,0.031578947,0,0.191106906,,,,,,,,,,,,hzPE4FBLF7Ro7qG8W,m7jPz4u7AzXjzrfKY,0,1,1,1,1,1,1,1,0,0,0,0,0,0,0,0,0,0,0,0,0,0,,3
3,2,3,3,Gastein,,,,,,,880,0,4,794,0,1,0.751182592,,,,,,,,,,,,iFREJSMvefHRPqBcP,3RQ99KtYLK6zf9ibq,1,1,1,1,1,1,1,0,0,0,0,0,0,0,0,0,1,0,0,0,0,0,,23
10,2,3,2,Kitzbuel,,,,,,,84,73,10,14,0.544776119,0.227272727,0.012915129,,,,,,,,,,,,igtSpPNs6zz7aLKMF,bQSeZyYmiATyDQ2SC,1,1,1,1,1,1,1,1,1,1,1,0,0,0,0,0,0,1,0,0,0,0,,2
0,2,3,3,Gastein,,,,,,,513,2,4,424,0.021052632,1,0.401135289,,,,,,,,,,,,jPqabLymBYwthgCgj,7pj5zwWrABLPzDqrk,1,0,1,1,1,1,1,1,0,0,0,0,0,0,0,0,1,0,0,0,0,0,,16
2,2,3,1,Andorra,,,,,,,175,93,13,68,0.489473684,0.351351351,0.061261261,,,,,,,,,,,,KAxasjZtrRudgki3F,fCKsxmQmpSTnr2PsB,1,1,1,1,0,1,1,1,1,1,0,0,0,0,0,0,1,0,0,0,0,0,,6
1,2,3,2,Kitzbuel,,,,,,,225,37,43,92,0.276119403,0.977272727,0.084870849,,,,,,,,,,,,KwNFa3AtBdP4vkN7v,DumYYm6Fiv6SPxeC6,1,1,1,1,0,1,1,1,1,1,1,0,0,0,0,0,1,1,0,0,0,0,,1
2,2,3,2,Kitzbuel,,,,,,,347,21,0,239,0.156716418,0,0.220479705,,,,,,,,,,,,kXQNroHAZfaHXyBDn,uAZbjXCwmsKKGRJtn,1,1,1,1,0,1,1,1,1,1,1,0,0,0,0,0,0,0,0,0,0,0,,12
0,2,3,2,Kitzbuel,,,,,,,109,48,5,34,0.358208955,0.113636364,0.031365314,,,,,,,,,,,,Lk98akv5NHuHBNjeH,n2jETRB2zJJtFTryD,1,1,1,1,1,1,1,0,1,1,1,0,0,0,0,0,1,0,0,0,0,0,,2
0,2,3,3,Gastein,,,,,,,248,2,0,169,0.021052632,0,0.159886471,,,,,,,,,,,,LwNXsXZSBKXm7qM7u,3SfpZuReDnLXZQxFF,0,0,1,1,1,1,1,1,0,0,0,0,0,0,0,0,0,0,0,0,0,0,,2
0,2,3,3,Gastein,,,,,,,248,2,0,169,0.021052632,0,0.159886471,,,,,,,,,,,,LwNXsXZSBKXm7qM7u,purZmbqkZp3xzhvyE,0,0,1,1,1,1,1,1,0,0,0,0,0,0,0,0,0,0,0,0,0,0,,2
24,2,3,2,Kitzbuel,,,,,,,312,13,31,164,0.097014925,0.704545455,0.151291513,,,,,,,,,,,,LXSdxu5hk3D9XiBzf,8Fhm8pum76BHu2uw4,1,1,1,1,1,1,1,1,1,1,1,0,0,0,0,0,1,1,0,0,0,0,,4
1,2,3,2,Kitzbuel,,,,,,,312,13,31,164,0.097014925,0.704545455,0.151291513,,,,,,,,,,,,LXSdxu5hk3D9XiBzf,R9QM3vKu6CYhMsRPE,1,1,1,1,1,1,1,1,1,1,1,0,0,0,0,0,1,1,0,0,0,0,,4
2,2,3,3,Gastein,,,,,,,102,12,1,33,0.126315789,0.25,0.031220435,,,,,,,,,,,,Mo57qG7yfJDsjEMjZ,C27pXuBPR6dnBzc3m,1,1,1,1,0,1,1,1,0,0,0,0,0,0,0,0,1,0,0,0,0,0,,9
3,2,3,1,Andorra,,,,,,,86,110,0,6,0.578947368,0,0.005405405,,,,,,,,,,,,NA3fDLzqWNLmTsEtf,zfGRgn4GwX6A94hfi,1,1,1,1,0,1,1,1,1,1,0,0,0,0,0,0,0,0,0,0,0,0,,1
5,2,3,1,Andorra,,,,,,,302,25,0,151,0.131578947,0,0.136036036,,,,,,,,,,,,NCCTRhHmDGG8nRgND,AczyfYLifQpiXWzjE,1,1,1,1,0,0,1,1,1,1,0,0,0,0,0,0,0,0,0,0,0,0,,0
2,2,3,2,Kitzbuel,,,,,,,159,38,27,39,0.28358209,0.613636364,0.03597786,,,,,,,,,,,,nSKixstD4DGJ6Leci,f8udKua9FBbKTP5WT,1,1,1,1,0,1,1,1,1,1,1,0,0,0,0,0,1,1,0,0,0,0,,6
3,2,3,2,Kitzbuel,,,,,,,324,18,44,171,0.134328358,1,0.157749077,,,,,,,,,,,,oAEjR9LDqqPz8Eje6,becqk2bmJuHGdaRGw,1,1,1,1,0,1,1,1,1,1,1,0,0,0,0,0,1,1,0,0,0,0,,1
7,2,3,3,Gastein,,,,,,,404,3,1,314,0.031578947,0.25,0.297067171,,,,,,,,,,,,oL8nrmx6KZn69qbmZ,rqJqczWagM47S9n5y,1,1,1,1,1,1,1,1,0,0,0,0,0,0,0,0,1,0,0,0,0,0,,6
8,2,3,3,Gastein,,,,,,,588,22,4,513,0.231578947,1,0.485335856,,,,,,,,,,,,opzanRvj9Kq6HjCpH,ZQ4pAa97M2WnMjJvx,1,1,1,1,0,1,1,1,0,0,0,0,0,0,0,0,1,0,0,0,0,0,,11
0,2,3,1,Andorra,,,,,,,315,21,0,147,0.110526316,0,0.132432432,,,,,,,,,,,,P6eRhyxtCtCdRnXu2,C6n9Lk2qJDhKWe8Bh,1,1,1,1,1,1,1,1,1,1,0,0,0,0,0,0,0,0,0,0,0,0,,1
6,2,3,3,Gastein,,,,,,,587,19,0,513,0.2,0,0.485335856,,,,,,,,,,,,pK6qKcpZP5D7fZgJj,owwtq5JHdnLaAGpub,1,1,1,1,0,1,1,1,0,0,0,0,0,0,0,0,0,0,0,0,0,0,,15
3,2,3,2,Kitzbuel,,,,,,,435,9,0,311,0.067164179,0,0.286900369,,,,,,,,,,,,PuZMXGD2nxyMHHLR7,szcesdAcQFRB9y3tn,1,1,1,1,1,1,1,1,1,1,1,0,0,0,0,0,0,0,0,0,0,0,,1
3,2,3,3,Gastein,,,,,,,593,0,0,506,0,0,0.47871334,,,,,,,,,,,,q72vuHZ4ZeK3HLqYr,d85FxQtN65pHNXoMt,0,1,1,1,1,1,1,1,0,0,0,0,0,0,0,0,0,0,0,0,0,0,,5
0,2,3,3,Gastein,,,,,,,212,11,0,143,0.115789474,0,0.135288553,,,,,,,,,,,,q9KCdAiNGX9MXyDof,A7kWmmwbfTDQYp2Dk,1,1,1,1,0,1,1,1,0,0,0,0,0,0,0,0,0,0,0,0,0,0,,10
2,2,3,1,Andorra,,,,,,,436,21,19,253,0.110526316,0.513513514,0.227927928,,,,,,,,,,,,QxS99EZCi8RG5ZoFG,XLRfEij253RNAD3af,1,1,1,1,1,1,1,1,1,1,0,0,0,0,0,0,1,0,0,0,0,0,,5
4,2,3,2,Kitzbuel,,,,,,,122,12,32,29,0.089552239,0.727272727,0.026752768,,,,,,,,,,,,r62jyjavhYkhMDmzJ,E4PXLdj7nMjKQsZR4,1,1,1,1,1,0,0,0,0,0,0,0,0,0,0,0,1,1,0,0,0,0,,1
8,2,3,1,Andorra,,,,,,,274,14,0,130,0.073684211,0,0.117117117,,,,,,,,,,,,rjk3xvDkDWbhy6AM5,gj8HgYL85vJsX6BC9,0,1,1,1,0,0,1,1,1,1,0,0,0,0,0,0,0,0,0,0,0,0,,0
1,2,3,1,Andorra,,,,,,,189,15,0,16,0.078947368,0,0.014414414,,,,,,,,,,,,RRzbxvKxoanwjR9ko,zZY5KdD5yumxDb7Xo,1,1,1,1,1,1,1,1,1,1,0,0,0,0,0,0,0,0,0,0,0,0,,0
5,2,3,3,Gastein,,,,,,,155,4,0,93,0.042105263,0,0.087984863,,,,,,,,,,,,rtNfBYdJ6LnCFA9fC,tdN7tm4fYYy9Tm9Cd,1,0,1,1,1,0,1,0,0,0,0,0,0,0,0,0,0,0,0,0,0,0,,0
0,2,3,2,Kitzbuel,,,,,,,107,65,15,28,0.485074627,0.340909091,0.025830258,,,,,,,,,,,,s6z6RNadncK3wPAtB,wsP7EwTAC4iqdiDWp,1,1,1,1,1,1,1,1,1,1,1,0,0,0,0,0,1,1,0,0,0,0,,3
0,2,3,2,Kitzbuel,,,,,,,59,74,6,9,0.552238806,0.136363636,0.008302583,,,,,,,,,,,,SKKgit7NugueeKmvL,Z6f5RNdDXv43Js7w8,1,1,1,0,0,1,1,0,1,1,1,0,0,0,0,0,1,0,0,0,0,0,,1
2,2,3,2,Kitzbuel,,,,,,,123,49,0,50,0.365671642,0,0.046125461,,,,,,,,,,,,SqRqJMDZNsDcTCnK2,J8aMrhbJDhdaDqmGQ,1,1,1,1,0,1,0,1,1,1,1,0,0,0,0,0,0,0,0,0,0,0,,1
0,2,3,1,Andorra,,,,,,,218,47,15,63,0.247368421,0.405405405,0.056756757,,,,,,,,,,,,SuNeb5DKpCKbRsE7m,ge7vgmLk7Joraz3Ry,1,1,1,1,0,1,1,1,1,1,0,0,0,0,0,0,1,0,0,0,0,0,,3
1,2,3,1,Andorra,,,,,,,178,38,15,14,0.2,0.405405405,0.012612613,,,,,,,,,,,,SvDfrvKrP3fDp8LN8,qtWgxnXKrkFManHBi,1,1,1,1,0,1,1,1,1,1,0,0,0,0,0,0,1,0,0,0,0,0,,0
7,2,3,1,Andorra,,,,,,,937,0,37,711,0,1,0.640540541,,,,,,,,,,,,syJ7gLNmrquTaWk9G,rcr3pnPjGB83utPkY,1,1,1,1,1,1,1,1,1,1,0,0,0,0,0,0,1,0,0,0,0,0,,8
0,2,3,1,Andorra,,,,,,,937,0,37,711,0,1,0.640540541,,,,,,,,,,,,syJ7gLNmrquTaWk9G,rPzxTAz7aQurR9wZR,1,1,1,1,1,1,1,1,1,1,0,0,0,0,0,0,1,0,0,0,0,0,,8
2,2,3,2,Kitzbuel,,,,,,,67,68,3,15,0.507462687,0.068181818,0.013837638,,,,,,,,,,,,uBQtpxNYTFq7XFQx3,NJjsPGaXdq7Rwa6g2,1,1,1,1,1,1,1,1,1,1,0,0,0,0,0,0,1,0,0,0,0,0,,3
0,2,3,3,Gastein,,,,,,,170,8,1,83,0.084210526,0.25,0.078524125,,,,,,,,,,,,uH7yxJTkYPXvceMD9,JwYgPpoijzuHQL7wT,1,1,1,1,1,1,1,1,0,0,0,0,0,0,0,0,1,0,0,0,0,0,,4
0,2,3,1,Andorra,,,,,,,75,114,0,1,0.6,0,0.000900901,,,,,,,,,,,,W8HuPMbsvoNF5ws3a,dL4pcDTgtpHcu46WE,1,1,1,1,0,1,1,1,1,1,0,0,0,0,0,0,0,0,0,0,0,0,,0
2,2,3,3,Gastein,,,,,,,172,2,0,93,0.021052632,0,0.087984863,,,,,,,,,,,,wAqiWCHhMzsobozpq,qA42ADgdtdRJqjnYa,0,0,1,1,1,1,1,1,0,0,0,0,0,0,0,0,0,0,0,0,0,0,,0
1,2,3,1,Andorra,,,,,,,597,17,37,388,0.089473684,1,0.34954955,,,,,,,,,,,,WoAzrnNRpADa3EdSG,gLQgxbZBrdtSaNBvp,1,1,1,1,1,1,1,1,1,1,0,0,0,0,0,0,1,0,0,0,0,0,,5
3,2,3,2,Kitzbuel,,,,,,,412,36,13,311,0.268656716,0.295454545,0.286900369,,,,,,,,,,,,wzRKAttD5cnY4tcQ4,4fHp9DPKEJnR86fFT,1,1,1,1,0,1,1,1,1,0,1,0,0,0,0,0,1,0,0,0,0,0,,3
2,2,3,2,Kitzbuel,,,,,,,237,25,44,86,0.186567164,1,0.079335793,,,,,,,,,,,,XWpu5q9kXz2teaZt3,qdpcfKQN9ZJPGkxHN,1,1,1,1,1,1,1,1,1,1,1,0,0,0,0,0,0,1,0,0,0,0,,2
2,2,3,2,Kitzbuel,,,,,,,246,42,27,131,0.313432836,0.613636364,0.120848708,,,,,,,,,,,,yAQQgZEgEHiPw2BSi,YDrhHzeuHGrTZPFkd,1,1,1,1,0,1,1,1,1,1,1,0,0,0,0,0,1,1,0,0,0,0,,4
6,2,3,2,Kitzbuel,,,,,,,290,3,0,163,0.02238806,0,0.150369004,,,,,,,,,,,,YFmEryBxTTBNQs9to,h5L35qKBPqt97nWNK,1,1,1,1,1,1,1,1,1,1,1,0,0,0,0,0,0,0,0,0,0,0,,7
1,2,3,2,Kitzbuel,,,,,,,182,21,15,62,0.156716418,0.340909091,0.057195572,,,,,,,,,,,,Yxy9m2rrqPBQevX7u,xFLonp4rXsHB6QwHA,1,1,1,1,1,1,1,1,1,1,1,0,0,0,0,0,0,1,0,0,0,0,,7
4,2,3,1,Andorra,,,,,,,550,34,37,360,0.178947368,1,0.324324324,,,,,,,,,,,,z3ToF5xHRbwescaes,dWifmYKGQ3G2NKvoA,1,1,1,1,0,1,1,1,1,1,0,0,0,0,0,0,1,0,0,0,0,0,,8
0,2,3,1,Andorra,,,,,,,419,0,0,232,0,0,0.209009009,,,,,,,,,,,,ZBpDXHHmCLXDKeFy6,sPgEqFPb6d9bsftrX,1,1,1,1,1,1,1,1,1,1,0,0,0,0,0,0,0,0,0,0,0,0,,4
1,2,3,1,Andorra,,,,,,,277,12,0,101,0.063157895,0,0.090990991,,,,,,,,,,,,zciucbs7RGSNZMhLW,3RXEyLiDiZ8rtBbsi,1,1,1,1,1,1,1,1,1,1,0,0,0,0,0,0,0,0,0,0,0,0,,3
2,2,3,3,Gastein,,,,,,,75,24,0,20,0.252631579,0,0.018921476,,,,,,,,,,,,zZ7tEDzWXD8kjFQjC,s8vtMHqi6AMbsuHdo,0,0,1,1,1,1,1,1,0,0,0,0,0,0,0,0,0,0,0,0,0,0,,5
10,2,2,2,Kitzbuel,,,,,,,0,0,0,0,1,0,0,,,,,,,,,,,,,26Qfve6MxKRSmckiq,0,0,0,0,0,0,0,0,0,0,0,0,0,0,0,0,0,0,0,0,0,0,,0
3,2,2,1,Andorra,,,,,,,0,0,0,0,1,0,0,,,,,,,,,,,,,27DudeeTfnd3HGyDC,0,0,0,0,0,0,0,0,0,0,0,0,0,0,0,0,0,0,0,0,0,0,,0
10,2,2,2,Kitzbuel,,,,,,,0,0,0,0,1,0,0,,,,,,,,,,,,,27LpX3qvWeZr8urvH,0,0,0,0,0,0,0,0,0,0,0,0,0,0,0,0,0,0,0,0,0,0,,0
10,2,2,1,Andorra,,,,,,,0,0,0,0,1,0,0,,,,,,,,,,,,,2hy4NnzhQ5D9AeLkP,0,0,0,0,0,0,0,0,0,0,0,0,0,0,0,0,0,0,0,0,0,0,,0
2,2,2,3,Gastein,,,,,,,0,0,0,0,1,0,0,,,,,,,,,,,,,3fHzLKkGjANg7w9mW,0,0,0,0,0,0,0,0,0,0,0,0,0,0,0,0,0,0,0,0,0,0,,0
2,2,2,2,Kitzbuel,,,,,,,49,77,6,18,0.574626866,0.136363636,0.016605166,,,,,,,,,,,,,3nymq7gfwzaZopTZ5,0,0,1,0,0,1,1,1,1,0,0,0,0,0,0,0,1,0,0,0,0,0,,3
0,2,2,1,Andorra,,,,,,,78,117,5,1,0.615789474,0.135135135,0.000900901,,,,,,,,,,,,,3qPyLEKfHQBbCn3ti,1,1,1,1,0,1,1,1,1,1,0,0,0,0,0,0,1,0,0,0,0,0,,0
2,2,2,2,Kitzbuel,,,,,,,0,0,0,0,1,0,0,,,,,,,,,,,,,4W5Jtujs4GumHj4fJ,0,0,0,0,0,0,0,0,0,0,0,0,0,0,0,0,0,0,0,0,0,0,,0
0,2,2,3,Gastein,,,,,,,42,55,0,5,0.578947368,0,0.004730369,,,,,,,,,,,,,5a5iMbK637ibtmTPc,1,1,1,1,1,1,1,1,0,0,0,0,0,0,0,0,0,0,0,0,0,0,,0
7,2,2,3,Gastein,,,,,,,96,6,4,33,0.063157895,1,0.031220435,,,,,,,,,,,,,5HsMb3DhAYqTf4p6z,1,0,1,1,1,0,1,0,0,0,0,0,0,0,0,0,1,0,0,0,0,0,,0
3,2,2,3,Gastein,,,,,,,0,0,0,0,1,0,0,,,,,,,,,,,,,5pfRyswQQcarjWNQ6,0,0,0,0,0,0,0,0,0,0,0,0,0,0,0,0,0,0,0,0,0,0,,0
3,2,2,3,Gastein,,,,,,,0,0,0,0,1,0,0,,,,,,,,,,,,,63xLLPsFKM5cvyA9K,0,0,0,0,0,0,0,0,0,0,0,0,0,0,0,0,0,0,0,0,0,0,,0
5,2,2,3,Gastein,,,,,,,117,58,4,78,0.610526316,1,0.073793756,,,,,,,,,,,,,6GFsHqGBTfnMaJHES,1,1,1,1,1,1,1,0,0,0,0,0,0,0,0,0,1,0,0,0,0,0,,6
10,2,2,1,Andorra,,,,,,,219,32,10,55,0.168421053,0.27027027,0.04954955,,,,,,,,,,,,,7PqdE7T5MPijKqAgJ,1,1,1,1,1,1,1,1,1,1,0,0,0,0,0,0,1,0,0,0,0,0,,2
3,2,2,2,Kitzbuel,,,,,,,94,63,0,26,0.470149254,0,0.02398524,,,,,,,,,,,,,7RJvWgTA45TytcKzK,1,1,1,1,1,1,1,1,1,1,1,0,0,0,0,0,0,0,0,0,0,0,,4
5,2,2,3,Gastein,,,,,,,66,15,1,40,0.157894737,0.25,0.037842952,,,,,,,,,,,,,8y4rSx8ENsWavmjqv,1,1,1,1,0,0,0,0,0,0,0,0,0,0,0,0,1,0,0,0,0,0,,10
6,2,2,2,Kitzbuel,,,,,,,0,0,0,0,1,0,0,,,,,,,,,,,,,9cHLF36P9czTFEbPn,0,0,0,0,0,0,0,0,0,0,0,0,0,0,0,0,0,0,0,0,0,0,,0
1,2,2,2,Kitzbuel,,,,,,,70,71,0,10,0.529850746,0,0.009225092,,,,,,,,,,,,,AEty9mh7QQfZx3759,1,1,1,1,0,1,1,1,1,1,1,0,0,0,0,0,0,0,0,0,0,0,,1
3,2,2,2,Kitzbuel,,,,,,,236,23,0,131,0.171641791,0,0.120848708,,,,,,,,,,,,,b6Pm5jBQAqFJ27TG8,1,1,1,1,0,1,1,1,1,1,1,0,0,0,0,0,0,0,0,0,0,0,,6
2,2,2,2,Kitzbuel,,,,,,,0,0,0,0,1,0,0,,,,,,,,,,,,,BXyGxh7mbqCZb459s,0,0,0,0,0,0,0,0,0,0,0,0,0,0,0,0,0,0,0,0,0,0,,0
3,2,2,3,Gastein,,,,,,,62,26,0,12,0.273684211,0,0.011352886,,,,,,,,,,,,,cPjCZAgauNmoizYFS,1,0,1,1,1,0,1,1,0,0,0,0,0,0,0,0,0,0,0,0,0,0,,2
1,2,2,2,Kitzbuel,,,,,,,109,53,0,49,0.395522388,0,0.045202952,,,,,,,,,,,,,cryzjbrgs6BFZ3MGR,1,1,1,1,0,1,1,1,1,0,0,0,0,0,0,0,0,0,0,0,0,0,,1
1,2,2,3,Gastein,,,,,,,72,55,0,36,0.578947368,0,0.034058657,,,,,,,,,,,,,d732NNqbky9AzxHvK,1,1,1,1,1,1,1,1,0,0,0,0,0,0,0,0,0,0,0,0,0,0,,6
0,2,2,1,Andorra,,,,,,,312,41,0,178,0.215789474,0,0.16036036,,,,,,,,,,,,,DbkxmYdZkmGBqhsRo,1,1,1,1,1,0,1,1,1,1,0,0,0,0,0,0,0,0,0,0,0,0,,4
2,2,2,1,Andorra,,,,,,,0,0,0,0,1,0,0,,,,,,,,,,,,,dKaffPhXK4z59SnDa,0,0,0,0,0,0,0,0,0,0,0,0,0,0,0,0,0,0,0,0,0,0,,0
6,2,2,1,Andorra,,,,,,,87,7,0,60,0.036842105,0,0.054054054,,,,,,,,,,,,,DQ5a9QJ5KC8Q4ARaQ,1,1,0,0,0,0,0,0,0,0,0,0,0,0,0,0,0,0,0,0,0,0,,3
7,2,2,2,Kitzbuel,,,,,,,0,0,0,0,1,0,0,,,,,,,,,,,,,DRtBTis9xCqfp7aDB,0,0,0,0,0,0,0,0,0,0,0,0,0,0,0,0,0,0,0,0,0,0,,0
1,2,2,3,Gastein,,,,,,,0,0,0,0,1,0,0,,,,,,,,,,,,,eDJ4MJL6xdCkmtQc8,0,0,0,0,0,0,0,0,0,0,0,0,0,0,0,0,0,0,0,0,0,0,,0
1,2,2,3,Gastein,,,,,,,0,0,0,0,1,0,0,,,,,,,,,,,,,evQ9cMjDQLfFuLZeg,0,0,0,0,0,0,0,0,0,0,0,0,0,0,0,0,0,0,0,0,0,0,,0
1,2,2,3,Gastein,,,,,,,457,0,0,362,0,0,0.342478713,,,,,,,,,,,,,EZDp9w9Ccw8Pmz55x,1,1,1,1,1,1,1,1,0,0,0,0,0,0,0,0,0,0,0,0,0,0,,1
0,2,2,1,Andorra,,,,,,,111,93,0,17,0.489473684,0,0.015315315,,,,,,,,,,,,,fc3psauQqbtRxhuEy,1,1,1,1,1,1,1,1,1,1,0,0,0,0,0,0,0,0,0,0,0,0,,2
4,2,2,3,Gastein,,,,,,,64,42,0,15,0.442105263,0,0.014191107,,,,,,,,,,,,,fjvMMccRBRdKTPiXM,1,1,1,1,1,1,1,1,0,0,0,0,0,0,0,0,0,0,0,0,0,0,,5
0,2,2,1,Andorra,,,,,,,100,95,6,1,0.5,0.162162162,0.000900901,,,,,,,,,,,,,FMpaW2PSWQ7inTiM2,1,1,1,1,1,1,1,1,1,1,0,0,0,0,0,0,1,0,0,0,0,0,,0
4,2,2,2,Kitzbuel,,,,,,,155,40,36,58,0.298507463,0.818181818,0.053505535,,,,,,,,,,,,,fQqJnYrYeGrsHo4Cr,1,1,1,1,0,1,1,0,1,0,0,0,0,0,0,0,0,1,0,0,0,0,,0
8,2,2,1,Andorra,,,,,,,103,12,0,23,0.063157895,0,0.020720721,,,,,,,,,,,,,frgtPpHe6SqrMKpT9,1,1,1,1,1,0,0,0,0,0,0,0,0,0,0,0,0,0,0,0,0,0,,1
3,2,2,1,Andorra,,,,,,,137,87,0,35,0.457894737,0,0.031531532,,,,,,,,,,,,,gtAgz7DJjbJCsutSk,1,1,1,1,0,1,1,1,1,1,0,0,0,0,0,0,0,0,0,0,0,0,,4
5,2,2,1,Andorra,,,,,,,104,91,0,6,0.478947368,0,0.005405405,,,,,,,,,,,,,J3i4tN4hzvSDtEzRs,1,1,1,1,0,1,1,1,1,1,0,0,0,0,0,0,0,0,0,0,0,0,,0
1,2,2,2,Kitzbuel,,,,,,,0,0,0,0,1,0,0,,,,,,,,,,,,,JQ6fhdHuaJPixRrcG,0,0,0,0,0,0,0,0,0,0,0,0,0,0,0,0,0,0,0,0,0,0,,0
2,2,2,1,Andorra,,,,,,,157,110,0,91,0.578947368,0,0.081981982,,,,,,,,,,,,,JydLHfZhcB36LNF9F,1,1,1,1,1,0,1,1,1,1,0,0,0,0,0,0,0,0,0,0,0,0,,1
4,2,2,2,Kitzbuel,,,,,,,46,49,0,10,0.365671642,0,0.009225092,,,,,,,,,,,,,k8acjyioqfDBi3hRe,0,0,1,1,0,1,0,1,1,0,1,0,0,0,0,0,0,0,0,0,0,0,,1
3,2,2,1,Andorra,,,,,,,246,31,10,78,0.163157895,0.27027027,0.07027027,,,,,,,,,,,,,kv3FJswXbQM2sfhEM,1,1,1,1,1,1,1,1,1,1,0,0,0,0,0,0,1,0,0,0,0,0,,2
1,2,2,1,Andorra,,,,,,,106,108,0,27,0.568421053,0,0.024324324,,,,,,,,,,,,,LCZf3W6e6ENL7TfAo,1,1,0,0,1,1,1,1,1,1,0,0,0,0,0,0,0,0,0,0,0,0,,1
1,2,2,2,Kitzbuel,,,,,,,0,0,0,0,1,0,0,,,,,,,,,,,,,LpDWz39qhiZxMgYxA,0,0,0,0,0,0,0,0,0,0,0,0,0,0,0,0,0,0,0,0,0,0,,0
3,2,2,1,Andorra,,,,,,,147,70,0,34,0.368421053,0,0.030630631,,,,,,,,,,,,,LtmJsgizjTtJyNqHg,1,1,1,1,0,1,1,1,1,1,0,0,0,0,0,0,0,0,0,0,0,0,,4
10,2,2,1,Andorra,,,,,,,84,108,6,14,0.568421053,0.162162162,0.012612613,,,,,,,,,,,,,meh539virfLXJzZpG,0,1,1,1,0,1,1,1,1,1,0,0,0,0,0,0,1,0,0,0,0,0,,2
10,2,2,2,Kitzbuel,,,,,,,0,0,0,0,1,0,0,,,,,,,,,,,,,mhMSdGEZkCzgW29GG,0,0,0,0,0,0,0,0,0,0,0,0,0,0,0,0,0,0,0,0,0,0,,0
2,2,2,2,Kitzbuel,,,,,,,0,0,0,0,1,0,0,,,,,,,,,,,,,MokpQLpW8YyQMP6i3,0,0,0,0,0,0,0,0,0,0,0,0,0,0,0,0,0,0,0,0,0,0,,0
6,2,2,2,Kitzbuel,,,,,,,105,61,0,38,0.455223881,0,0.035055351,,,,,,,,,,,,,MwhrBorq2usq6MrnD,1,1,1,1,0,1,1,1,1,1,1,0,0,0,0,0,0,0,0,0,0,0,,6
1,2,2,2,Kitzbuel,,,,,,,159,30,13,46,0.223880597,0.295454545,0.042435424,,,,,,,,,,,,,N6R4nHpjsrP8RD78K,1,1,1,1,0,1,1,1,1,1,1,0,0,0,0,0,1,1,0,0,0,0,,1
2,2,2,2,Kitzbuel,,,,,,,0,0,0,0,1,0,0,,,,,,,,,,,,,nFb2Jp2YYzxvWmTkb,0,0,0,0,0,0,0,0,0,0,0,0,0,0,0,0,0,0,0,0,0,0,,0
5,2,2,3,Gastein,,,,,,,0,0,0,0,1,0,0,,,,,,,,,,,,,nMBzYL5suzdTj57je,0,0,0,0,0,0,0,0,0,0,0,0,0,0,0,0,0,0,0,0,0,0,,0
2,2,2,3,Gastein,,,,,,,29,40,0,0,0.421052632,0,0,,,,,,,,,,,,,Nrc9ANWwJjt5bgodk,0,0,1,1,1,0,1,1,0,0,0,0,0,0,0,0,0,0,0,0,0,0,,0
1,2,2,3,Gastein,,,,,,,0,0,0,0,1,0,0,,,,,,,,,,,,,opfeiEE8aoWDKcu3r,0,0,0,0,0,0,0,0,0,0,0,0,0,0,0,0,0,0,0,0,0,0,,0
3,2,2,1,Andorra,,,,,,,0,0,0,0,1,0,0,,,,,,,,,,,,,pDQZpJ9d8Kun8p8uq,0,0,0,0,0,0,0,0,0,0,0,0,0,0,0,0,0,0,0,0,0,0,,0
1,2,2,1,Andorra,,,,,,,0,0,0,0,1,0,0,,,,,,,,,,,,,PmE7g3ZPosXBDyX7P,0,0,0,0,0,0,0,0,0,0,0,0,0,0,0,0,0,0,0,0,0,0,,0
1,2,2,1,Andorra,,,,,,,120,99,0,29,0.521052632,0,0.026126126,,,,,,,,,,,,,PWz2852fveyvo2Gpb,1,1,1,1,1,1,1,1,1,1,0,0,0,0,0,0,0,0,0,0,0,0,,3
1,2,2,3,Gastein,,,,,,,339,2,0,258,0.021052632,0,0.244087039,,,,,,,,,,,,,QRnbrnLcd9YZTNA2c,1,1,1,1,1,0,1,1,0,0,0,0,0,0,0,0,0,0,0,0,0,0,,5
1,2,2,1,Andorra,,,,,,,211,58,10,73,0.305263158,0.27027027,0.065765766,,,,,,,,,,,,,rf37aKQqMFJku2LYK,1,1,0,1,0,1,1,1,1,1,0,0,0,0,0,0,1,0,0,0,0,0,,1
6,2,2,3,Gastein,,,,,,,101,30,0,38,0.315789474,0,0.035950804,,,,,,,,,,,,,Rps4MrRmEJQvCRx2w,1,1,1,1,1,1,1,1,0,0,0,0,0,0,0,0,0,0,0,0,0,0,,5
1,2,2,3,Gastein,,,,,,,0,0,0,0,1,0,0,,,,,,,,,,,,,rWBtPruTfr7wg6ToW,0,0,0,0,0,0,0,0,0,0,0,0,0,0,0,0,0,0,0,0,0,0,,0
3,2,2,2,Kitzbuel,,,,,,,34,103,3,13,0.768656716,0.068181818,0.01199262,,,,,,,,,,,,,rzAue5GnonXm7o546,1,1,1,0,0,1,1,0,1,1,0,0,0,0,0,0,1,0,0,0,0,0,,3
3,2,2,2,Kitzbuel,,,,,,,0,0,0,0,1,0,0,,,,,,,,,,,,,SaLkrdeuxKs3wh5o3,0,0,0,0,0,0,0,0,0,0,0,0,0,0,0,0,0,0,0,0,0,0,,0
3,2,2,3,Gastein,,,,,,,0,0,0,0,1,0,0,,,,,,,,,,,,,SfaxZmgnAjjztv7DR,0,0,0,0,0,0,0,0,0,0,0,0,0,0,0,0,0,0,0,0,0,0,,0
0,2,2,2,Kitzbuel,,,,,,,0,0,0,0,1,0,0,,,,,,,,,,,,,sqpkJER3u7d9ij96j,0,0,0,0,0,0,0,0,0,0,0,0,0,0,0,0,0,0,0,0,0,0,,0
0,2,2,1,Andorra,,,,,,,0,0,0,0,1,0,0,,,,,,,,,,,,,sTvrsFWq4s6jynvvq,0,0,0,0,0,0,0,0,0,0,0,0,0,0,0,0,0,0,0,0,0,0,,0
0,2,2,3,Gastein,,,,,,,0,0,0,0,1,0,0,,,,,,,,,,,,,TC28xRsHMeT4orM7g,0,0,0,0,0,0,0,0,0,0,0,0,0,0,0,0,0,0,0,0,0,0,,0
6,2,2,2,Kitzbuel,,,,,,,0,0,0,0,1,0,0,,,,,,,,,,,,,tg6eDCWpQKh3PB2vk,0,0,0,0,0,0,0,0,0,0,0,0,0,0,0,0,0,0,0,0,0,0,,0
3,2,2,1,Andorra,,,,,,,82,99,0,8,0.521052632,0,0.007207207,,,,,,,,,,,,,Toouc7F6aDNjYFMX3,0,1,1,1,0,1,1,1,1,1,0,0,0,0,0,0,0,0,0,0,0,0,,0
2,2,2,1,Andorra,,,,,,,223,98,37,98,0.515789474,1,0.088288288,,,,,,,,,,,,,wcb3gomyRpS3mRqGY,1,1,1,0,0,1,1,1,1,1,0,0,0,0,0,0,1,0,0,0,0,0,,4
5,2,2,2,Kitzbuel,,,,,,,0,0,0,0,1,0,0,,,,,,,,,,,,,WFcQGohFvq6FcFg4b,0,0,0,0,0,0,0,0,0,0,0,0,0,0,0,0,0,0,0,0,0,0,,0
2,2,2,3,Gastein,,,,,,,176,2,1,115,0.021052632,0.25,0.108798486,,,,,,,,,,,,,wN2Bm9ugnc8ydYWvj,1,0,0,1,1,0,1,1,0,0,0,0,0,0,0,0,1,0,0,0,0,0,,0
5,2,2,3,Gastein,,,,,,,0,0,0,0,1,0,0,,,,,,,,,,,,,x2a5NnwKghfCEZcR3,0,0,0,0,0,0,0,0,0,0,0,0,0,0,0,0,0,0,0,0,0,0,,0
6,2,2,1,Andorra,,,,,,,0,0,0,0,1,0,0,,,,,,,,,,,,,X996oN6CBdfJ3LgrA,0,0,0,0,0,0,0,0,0,0,0,0,0,0,0,0,0,0,0,0,0,0,,0
8,2,2,2,Kitzbuel,,,,,,,0,0,0,0,1,0,0,,,,,,,,,,,,,xBsphssJ6XCCijEdf,0,0,0,0,0,0,0,0,0,0,0,0,0,0,0,0,0,0,0,0,0,0,,0
2,2,2,1,Andorra,,,,,,,95,112,5,14,0.589473684,0.135135135,0.012612613,,,,,,,,,,,,,XynowFsNTwBghYMah,1,1,1,1,1,1,1,1,1,1,0,0,0,0,0,0,1,0,0,0,0,0,,4
7,2,2,2,Kitzbuel,,,,,,,0,0,0,0,1,0,0,,,,,,,,,,,,,xZ5cbpDvb2TKdKwqf,0,0,0,0,0,0,0,0,0,0,0,0,0,0,0,0,0,0,0,0,0,0,,0
3,2,2,3,Gastein,,,,,,,0,0,0,0,1,0,0,,,,,,,,,,,,,ZGx5sQ5sKGQFtk4pQ,0,0,0,0,0,0,0,0,0,0,0,0,0,0,0,0,0,0,0,0,0,0,,0
903,2,2,2,Kitzbuel,,,,,,,9,9,0,0,0.067164179,0,0,,,,,,,,,,,,,ZkHy74WGkpWGXLAts,1,0,0,0,0,0,0,0,0,0,0,0,0,0,0,0,0,0,0,0,0,0,,0
4,2,2,3,Gastein,,,,,,,0,0,0,0,1,0,0,,,,,,,,,,,,,zqFdcwkixQCta7oso,0,0,0,0,0,0,0,0,0,0,0,0,0,0,0,0,0,0,0,0,0,0,,0
11,1,3,1,Andorra,,,,,,,43,2,9,13,0.066666667,0.391304348,0.010132502,,,,,,,,,,,,,2y3P85TPuyLcNgAit,1,1,1,0,1,1,1,1,1,1,1,1,1,0,0,0,0,0,1,1,1,1,,2
5,1,3,1,Andorra,,,,,,,43,2,9,13,0.066666667,0.391304348,0.010132502,,,,,,,,,,,,,2y3P85TPuyLcNgAit,1,1,1,0,1,1,1,1,1,1,1,1,1,0,0,0,0,0,1,1,1,1,,2
4,1,3,1,Andorra,,,,,,,43,2,9,13,0.066666667,0.391304348,0.010132502,,,,,,,,,,,,,2y3P85TPuyLcNgAit,1,1,1,0,1,1,1,1,1,1,1,1,1,0,0,0,0,0,1,1,1,1,,2
4,1,3,1,Andorra,,,,,,,43,2,9,13,0.066666667,0.391304348,0.010132502,,,,,,,,,,,,,2y3P85TPuyLcNgAit,1,1,1,0,1,1,1,1,1,1,1,1,1,0,0,0,0,0,1,1,1,1,,2
0,1,3,3,Gastein,,,,,,,36,0,0,6,0,0,0.005347594,,,,,,,,,,,,,369cWtSYHDzBNhFbP,1,1,1,1,1,1,1,1,1,1,1,1,1,1,1,0,0,0,0,0,0,0,,0
1,1,3,1,Andorra,,,,,,,16,19,4,4,0.633333333,0.173913043,0.003117693,,,,,,,,,,,,,4HgXbeWSmr6f27aRs,1,0,1,1,1,0,0,0,0,0,0,0,0,0,0,0,0,0,0,0,1,1,,0
2,1,3,1,Andorra,,,,,,,0,0,0,0,1,0,0,,,,,,,,,,,,,4KcrFMFmaCfBdgsFf,0,0,0,0,0,0,0,0,0,0,0,0,0,0,0,0,0,0,0,0,0,0,,0
3,1,3,1,Andorra,,,,,,,250,0,9,216,0,0.391304348,0.168355417,,,,,,,,,,,,,4qZgwDXSpZeEJZMKB,1,1,1,1,1,1,1,1,1,1,1,1,1,0,0,0,1,0,1,0,1,1,,0
0,1,3,3,Gastein,,,,,,,38,0,0,7,0,0,0.006238859,,,,,,,,,,,,,5dd8MCmuLWgCh2zJh,1,1,1,1,1,1,1,1,1,1,1,1,1,1,1,0,0,0,0,0,0,0,,0
2,1,3,3,Gastein,,,,,,,26,0,0,7,0,0,0.006238859,,,,,,,,,,,,,5rMLsJiBvw3T2FJL9,1,1,1,0,0,1,1,1,1,1,1,1,0,1,1,0,0,0,0,0,0,0,,0
3,1,3,1,Andorra,,,,,,,40,0,6,10,0,0.260869565,0.007794232,,,,,,,,,,,,,5uoRxBe2E9D7N9XPz,1,1,1,1,1,1,1,1,1,1,1,1,1,0,0,0,0,0,0,1,1,1,,0
3,1,3,1,Andorra,,,,,,,291,0,22,243,0,0.956521739,0.189399844,,,,,,,,,,,,,5Zow3x9K9yBL89ks8,1,1,1,1,1,1,1,1,1,1,1,1,1,0,0,0,0,1,0,0,1,1,,2
4,1,3,2,Kitzbuel,,,,,,,53,0,7,16,0,1,0.01309329,,,,,,,,,,,,,7mXNYsZdt6Asvzide,1,1,1,1,1,1,1,1,1,1,1,1,1,1,1,1,1,1,0,0,0,0,,3
1,1,3,1,Andorra,,,,,,,217,2,8,188,0.066666667,0.347826087,0.146531567,,,,,,,,,,,,,83M7pzroMwFjAyJsz,0,1,1,0,1,1,1,1,1,1,1,1,1,0,0,0,0,0,1,0,1,1,,1
1,1,3,1,Andorra,,,,,,,188,0,4,158,0,0.173913043,0.12314887,,,,,,,,,,,,,8Zvbd6Mtj4cQZqyx2,1,1,1,1,1,1,1,1,1,1,1,1,1,0,0,0,0,0,1,0,0,0,,0
3,1,3,1,Andorra,,,,,,,40,0,6,11,0,0.260869565,0.008573655,,,,,,,,,,,,,9ikwffyjrdv6fPxku,1,1,1,1,1,1,1,1,1,1,1,1,1,0,0,0,0,0,0,0,1,1,,0
2,1,3,1,Andorra,,,,,,,40,0,6,11,0,0.260869565,0.008573655,,,,,,,,,,,,,9ikwffyjrdv6fPxku,1,1,1,1,1,1,1,1,1,1,1,1,1,0,0,0,0,0,0,0,1,1,,0
1,1,3,1,Andorra,,,,,,,37,0,4,11,0,0.173913043,0.008573655,,,,,,,,,,,,,9prenbxW5kzJBznNJ,1,1,1,1,1,1,1,1,1,1,1,1,1,0,0,0,0,0,0,0,0,1,,0
0,1,3,3,Gastein,,,,,,,143,4,0,122,0.114285714,0,0.108734403,,,,,,,,,,,,,9RXCXbhhX7uPv3YPv,1,1,1,0,0,0,0,1,1,1,1,1,0,1,1,0,0,0,0,0,0,0,,0
13,1,3,1,Andorra,,,,,,,65,0,23,20,0,1,0.015588465,,,,,,,,,,,,,aGh58skPn9vwyfqHw,1,1,1,1,1,1,1,1,1,1,1,1,1,0,0,0,0,1,1,0,1,1,,3
1,1,3,2,Kitzbuel,,,,,,,256,0,7,215,0,1,0.17594108,,,,,,,,,,,,,aMxiz3ggxXjnPnQtq,1,1,1,1,1,1,1,1,1,1,1,1,1,1,1,1,1,1,0,0,0,0,,2
0,1,3,3,Gastein,,,,,,,108,0,0,76,0,0,0.067736185,,,,,,,,,,,,,ARJxQo4XxakZ8xArG,1,1,1,1,1,1,1,1,1,1,1,1,1,1,1,0,0,0,0,0,0,0,,0
0,1,3,3,Gastein,,,,,,,36,0,0,4,0,0,0.003565062,,,,,,,,,,,,,B2reYu6ZaRhojrFgt,1,1,1,1,1,1,1,1,1,1,1,1,1,1,1,0,0,0,0,0,0,0,,0
1,1,3,3,Gastein,,,,,,,36,0,0,4,0,0,0.003565062,,,,,,,,,,,,,B2reYu6ZaRhojrFgt,1,1,1,1,1,1,1,1,1,1,1,1,1,1,1,0,0,0,0,0,0,0,,0
1,1,3,2,Kitzbuel,,,,,,,33,0,0,2,0,0,0.001636661,,,,,,,,,,,,,BJifmDy5Qdkh4zSj9,1,1,1,1,1,1,1,1,1,1,0,1,1,1,1,1,0,0,0,0,0,0,,0
0,1,3,3,Gastein,,,,,,,202,4,0,172,0.114285714,0,0.153297683,,,,,,,,,,,,,chbBxikkxySSoZPhL,1,1,1,1,1,0,0,1,1,1,1,1,1,1,1,0,0,0,0,0,0,0,,0
0,1,3,3,Gastein,,,,,,,34,0,0,5,0,0,0.004456328,,,,,,,,,,,,,CWZDAiiLuDmWziuFz,1,1,1,1,1,1,1,1,1,1,1,1,0,1,1,0,0,0,0,0,0,0,,0
3,1,3,1,Andorra,,,,,,,211,0,6,180,0,0.260869565,0.140296181,,,,,,,,,,,,,dcYPkWPdrzTAuR6hn,1,1,1,1,1,1,1,1,1,1,1,1,1,0,0,0,0,0,0,0,1,1,,0
2,1,3,1,Andorra,,,,,,,250,0,9,213,0,0.391304348,0.166017147,,,,,,,,,,,,,Dmid5PuJ28YkPQhFr,1,1,1,1,1,1,1,1,1,1,1,1,1,0,0,0,1,0,0,0,1,1,,0
2,1,3,1,Andorra,,,,,,,40,0,6,10,0,0.260869565,0.007794232,,,,,,,,,,,,,dxumdvtwBGDiANWhk,1,1,1,1,1,1,1,1,1,1,1,1,1,0,0,0,0,0,0,1,1,1,,0
3,1,3,2,Kitzbuel,,,,,,,179,4,4,146,0.121212121,0.571428571,0.119476268,,,,,,,,,,,,,e8Fuoy5aWtJh945YQ,1,1,1,1,1,1,1,1,1,1,1,0,1,0,1,1,0,1,0,0,0,0,,0
1,1,3,2,Kitzbuel,,,,,,,179,4,4,146,0.121212121,0.571428571,0.119476268,,,,,,,,,,,,,e8Fuoy5aWtJh945YQ,1,1,1,1,1,1,1,1,1,1,1,0,1,0,1,1,0,1,0,0,0,0,,0
3,1,3,2,Kitzbuel,,,,,,,34,2,0,6,0.060606061,0,0.004909984,,,,,,,,,,,,,eAXJ7WYCEQoxDkAc7,1,1,1,1,1,1,1,1,1,1,1,0,1,1,1,1,0,0,0,0,0,0,,0
10,1,3,1,Andorra,,,,,,,219,0,8,187,0,0.347826087,0.145752143,,,,,,,,,,,,,Foh4mHbh42ahstqxX,0,1,1,1,1,1,1,1,1,1,1,1,1,0,0,0,0,0,1,0,1,1,,0
2,1,3,2,Kitzbuel,,,,,,,177,0,7,142,0,1,0.116202946,,,,,,,,,,,,,fSyf39RjNnetrAhXN,1,1,1,1,1,1,1,1,1,1,1,1,1,1,1,1,1,1,0,0,0,0,,0
2,1,3,2,Kitzbuel,,,,,,,39,4,4,7,0.121212121,0.571428571,0.005728314,,,,,,,,,,,,,GmxnCcr9BFgSriNcS,1,1,1,1,1,1,1,1,1,1,1,0,1,0,1,1,0,1,1,0,0,0,,1
0,1,3,3,Gastein,,,,,,,31,5,0,2,0.142857143,0,0.001782531,,,,,,,,,,,,,GR3NsyhhESmBDfxX9,1,1,1,1,1,0,0,1,1,1,1,1,1,1,1,0,0,0,0,0,0,0,,0
2,1,3,2,Kitzbuel,,,,,,,34,4,4,1,0.121212121,0.571428571,0.000818331,,,,,,,,,,,,,GtAesrYHuWssyNsq4,1,1,1,1,1,1,1,1,1,1,1,0,1,0,1,1,0,1,1,0,0,0,,0
0,1,3,2,Kitzbuel,,,,,,,39,2,5,5,0.060606061,0.714285714,0.004091653,,,,,,,,,,,,,gX4pdgBotnSpkYAkk,1,1,1,1,1,1,1,1,1,1,1,1,1,0,1,1,1,1,0,0,0,0,,0
4,1,3,1,Andorra,,,,,,,37,0,4,10,0,0.173913043,0.007794232,,,,,,,,,,,,,H8zdDrDanFDYGnxYL,1,1,1,1,1,1,1,1,1,1,1,1,1,0,0,0,0,0,0,0,1,1,,0
2,1,3,3,Gastein,,,,,,,174,0,0,149,0,0,0.132798574,,,,,,,,,,,,,hhAx5kR5v8zKzpcLH,1,1,1,0,0,1,1,1,1,1,1,1,0,1,1,0,0,0,0,0,0,0,,0
1,1,3,2,Kitzbuel,,,,,,,181,0,4,146,0,0.571428571,0.119476268,,,,,,,,,,,,,hjhY7QmQcYBdNDszW,1,1,1,1,1,1,1,1,1,1,0,1,1,1,1,1,0,1,0,0,0,0,,0
0,1,3,1,Andorra,,,,,,,230,0,8,197,0,0.347826087,0.153546376,,,,,,,,,,,,,hu7Kbxcogyeu9y2Gn,1,1,1,1,1,1,1,1,1,1,1,1,1,0,0,0,0,0,0,0,1,1,,0
3,1,3,1,Andorra,,,,,,,26,6,0,7,0.2,0,0.005455963,,,,,,,,,,,,,huQo4WYzing8NgmF6,1,1,1,1,1,0,0,0,1,1,1,1,1,0,0,0,0,0,0,0,0,0,,0
4,1,3,1,Andorra,,,,,,,227,0,8,190,0,0.347826087,0.148090413,,,,,,,,,,,,,HzPQ6x2xGMHTcsxSK,1,1,1,1,1,1,1,1,1,1,1,1,1,0,0,0,0,0,0,0,1,1,,0
2,1,3,2,Kitzbuel,,,,,,,46,0,7,10,0,1,0.008183306,,,,,,,,,,,,,j4ZnLPrBy8C9rZTfH,1,1,1,1,1,1,1,1,1,1,1,1,1,1,1,1,1,1,1,0,0,0,,0
3,1,3,2,Kitzbuel,,,,,,,47,0,7,8,0,1,0.006546645,,,,,,,,,,,,,J5ZNm5pAn2p6bxgT5,1,1,1,1,1,1,1,1,1,1,1,1,1,1,1,1,1,1,0,0,0,0,,0
0,1,3,3,Gastein,,,,,,,36,0,0,4,0,0,0.003565062,,,,,,,,,,,,,JJPnHnoXmaQT7PTAa,1,1,1,1,1,1,1,1,1,1,1,1,1,1,1,0,0,0,0,0,0,0,,0
2,1,3,1,Andorra,,,,,,,118,0,4,93,0,0.173913043,0.07248636,,,,,,,,,,,,,Jmt4nGBh7XG3Jbjs8,0,0,0,0,1,1,1,1,1,1,1,1,1,0,0,0,0,0,0,0,0,0,,0
3,1,3,1,Andorra,,,,,,,118,0,4,93,0,0.173913043,0.07248636,,,,,,,,,,,,,Jmt4nGBh7XG3Jbjs8,0,0,0,0,1,1,1,1,1,1,1,1,1,0,0,0,0,0,0,0,0,0,,0
3,1,3,1,Andorra,,,,,,,118,0,4,93,0,0.173913043,0.07248636,,,,,,,,,,,,,Jmt4nGBh7XG3Jbjs8,0,0,0,0,1,1,1,1,1,1,1,1,1,0,0,0,0,0,0,0,0,0,,0
2,1,3,2,Kitzbuel,,,,,,,39,0,3,4,0,0.428571429,0.003273322,,,,,,,,,,,,,juhrJgaCL3WSc9cEg,1,1,1,1,1,1,1,1,1,1,1,1,1,1,1,1,1,0,0,0,0,0,,0
0,1,3,3,Gastein,,,,,,,213,0,0,179,0,0,0.159536542,,,,,,,,,,,,,kAvuWBnEoPRgfgSRx,1,1,1,1,1,1,1,1,1,1,1,1,1,1,1,0,0,0,0,0,0,0,,0
0,1,3,3,Gastein,,,,,,,213,0,0,179,0,0,0.159536542,,,,,,,,,,,,,kAvuWBnEoPRgfgSRx,1,1,1,1,1,1,1,1,1,1,1,1,1,1,1,0,0,0,0,0,0,0,,0
0,1,3,3,Gastein,,,,,,,213,0,0,179,0,0,0.159536542,,,,,,,,,,,,,kAvuWBnEoPRgfgSRx,1,1,1,1,1,1,1,1,1,1,1,1,1,1,1,0,0,0,0,0,0,0,,0
2,1,3,2,Kitzbuel,,,,,,,154,2,0,125,0.060606061,0,0.102291326,,,,,,,,,,,,,kFWnKmiPTGSJdRfAJ,1,1,1,1,1,1,1,1,1,1,1,0,1,1,1,0,0,0,0,0,0,0,,0
0,1,3,2,Kitzbuel,,,,,,,183,2,4,148,0.060606061,0.571428571,0.12111293,,,,,,,,,,,,,KrLiv3QrJwP2CrYXC,1,1,1,1,1,1,1,1,1,1,1,0,1,1,1,1,0,1,0,0,0,0,,0
5,1,3,2,Kitzbuel,,,,,,,137,0,7,99,0,1,0.08101473,,,,,,,,,,,,,L2Pwr6RYRewifiWRd,1,1,1,1,1,1,1,1,1,1,1,1,1,1,1,1,1,1,0,0,0,0,,0
1,1,3,2,Kitzbuel,,,,,,,137,0,7,99,0,1,0.08101473,,,,,,,,,,,,,L2Pwr6RYRewifiWRd,1,1,1,1,1,1,1,1,1,1,1,1,1,1,1,1,1,1,0,0,0,0,,0
3,1,3,1,Andorra,,,,,,,210,0,8,178,0,0.347826087,0.138737334,,,,,,,,,,,,,LP6Pm6vibCQd8hBbh,0,1,1,1,1,1,1,1,1,1,1,1,1,0,0,0,0,0,1,0,1,1,,0
0,1,3,3,Gastein,,,,,,,37,1,0,7,0.028571429,0,0.006238859,,,,,,,,,,,,,MCBEwaF9ZTkCpptha,1,1,1,1,1,1,1,1,1,1,1,1,1,1,1,0,0,0,0,0,0,0,,1
3,1,3,1,Andorra,,,,,,,274,0,22,229,0,0.956521739,0.178487919,,,,,,,,,,,,,Mjp8EJbHhHiEYP6St,1,1,1,1,1,1,1,1,1,1,1,1,1,0,0,0,0,1,0,0,1,1,,2
4,1,3,1,Andorra,,,,,,,274,0,22,229,0,0.956521739,0.178487919,,,,,,,,,,,,,Mjp8EJbHhHiEYP6St,1,1,1,1,1,1,1,1,1,1,1,1,1,0,0,0,0,1,0,0,1,1,,2
15,1,3,3,Gastein,,,,,,,30,0,0,4,0,0,0.003565062,,,,,,,,,,,,,NPv7bruMmpeCYAw5m,1,1,1,1,1,1,1,1,1,1,1,1,0,0,0,0,0,0,0,0,0,0,,0
2,1,3,3,Gastein,,,,,,,33,3,0,4,0.085714286,0,0.003565062,,,,,,,,,,,,,nRz2CGGh5nLhFmZtZ,1,1,1,0,1,1,1,1,1,1,1,1,1,1,1,0,0,0,0,0,0,0,,0
0,1,3,3,Gastein,,,,,,,33,3,0,4,0.085714286,0,0.003565062,,,,,,,,,,,,,nRz2CGGh5nLhFmZtZ,1,1,1,0,1,1,1,1,1,1,1,1,1,1,1,0,0,0,0,0,0,0,,0
1,1,3,2,Kitzbuel,,,,,,,35,0,0,4,0,0,0.003273322,,,,,,,,,,,,,Ntk6MvMaWLQK8huK7,1,1,1,1,1,1,1,1,1,1,1,1,1,1,1,1,0,0,0,0,0,0,,0
9,1,3,2,Kitzbuel,,,,,,,42,0,5,6,0,0.714285714,0.004909984,,,,,,,,,,,,,nxDhrwAD7qXcpcHhi,1,1,1,1,1,1,1,1,1,1,1,1,1,1,1,1,1,0,1,0,0,0,,1
3,1,3,1,Andorra,,,,,,,139,0,6,109,0,0.260869565,0.084957132,,,,,,,,,,,,,o2eL6ahJZTboL78T5,1,1,1,1,1,1,1,1,1,1,1,1,1,0,0,0,0,0,0,0,1,1,,0
0,1,3,3,Gastein,,,,,,,36,0,0,4,0,0,0.003565062,,,,,,,,,,,,,oGqZH4zjhXjrtACEB,1,1,1,1,1,1,1,1,1,1,1,1,1,1,1,0,0,0,0,0,0,0,,0
1,1,3,2,Kitzbuel,,,,,,,33,2,0,4,0.060606061,0,0.003273322,,,,,,,,,,,,,PafHGNAwRpvqvyey3,1,1,1,1,1,1,1,1,1,1,1,1,1,1,0,1,0,0,0,0,0,0,,0
1,1,3,2,Kitzbuel,,,,,,,33,2,0,4,0.060606061,0,0.003273322,,,,,,,,,,,,,PafHGNAwRpvqvyey3,1,1,1,1,1,1,1,1,1,1,1,1,1,1,0,1,0,0,0,0,0,0,,0
5,1,3,1,Andorra,,,,,,,140,0,4,115,0,0.173913043,0.089633671,,,,,,,,,,,,,pt2Ju4Rnif3QP9Tmi,0,0,0,0,1,1,1,1,1,1,1,1,1,0,0,0,0,0,0,0,0,0,,1
2,1,3,2,Kitzbuel,,,,,,,377,0,7,336,0,1,0.274959083,,,,,,,,,,,,,pusqK3A364qLx76kj,1,1,1,1,1,1,1,1,1,1,1,1,1,1,1,1,1,1,0,0,0,0,,4
1,1,3,2,Kitzbuel,,,,,,,33,2,0,5,0.060606061,0,0.004091653,,,,,,,,,,,,,pxLFNdgDy7PMu5NSH,1,1,1,1,1,1,1,1,1,1,1,1,1,1,0,1,0,0,0,0,0,0,,0
0,1,3,2,Kitzbuel,,,,,,,44,0,7,5,0,1,0.004091653,,,,,,,,,,,,,qJxLJ6cCoPQ85k6Qx,1,1,1,1,1,1,1,1,1,1,1,1,1,1,1,1,1,1,1,0,0,0,,0
8,1,3,2,Kitzbuel,,,,,,,242,0,7,201,0,1,0.164484452,,,,,,,,,,,,,qsqBPuYhv7wmrffLz,1,1,1,1,1,1,1,1,1,1,1,1,1,1,1,1,1,1,0,0,0,0,,0
4,1,3,1,Andorra,,,,,,,229,0,8,192,0,0.347826087,0.14964926,,,,,,,,,,,,,R7m57ZfLFk9hrvgc8,1,1,1,1,1,1,1,1,1,1,1,1,1,0,0,0,0,0,0,0,1,1,,0
3,1,3,1,Andorra,,,,,,,211,0,6,177,0,0.260869565,0.137957911,,,,,,,,,,,,,RhSddkNyFX9cXkwuK,1,1,1,1,1,1,1,1,1,1,1,1,1,0,0,0,0,0,0,0,1,1,,0
0,1,3,2,Kitzbuel,,,,,,,60,4,0,33,0.121212121,0,0.02700491,,,,,,,,,,,,,rqyxcqpJ7bgJx9jmh,1,1,1,1,1,1,1,1,1,1,0,0,1,0,1,1,0,0,0,0,0,0,,0
0,1,3,2,Kitzbuel,,,,,,,42,0,2,7,0,0.285714286,0.005728314,,,,,,,,,,,,,rTvPnKezFZ57NqoXs,1,1,1,1,1,1,1,1,1,1,1,1,1,1,1,1,0,0,1,0,0,0,,0
4,1,3,1,Andorra,,,,,,,37,2,6,9,0.066666667,0.260869565,0.007014809,,,,,,,,,,,,,sPtK7SdFtHBXYdBgx,1,1,1,0,1,1,1,1,1,1,1,1,1,0,0,0,0,0,0,0,1,1,,0
0,1,3,2,Kitzbuel,,,,,,,75,2,0,44,0.060606061,0,0.036006547,,,,,,,,,,,,,tSGC73BD4e6Hdsf7z,1,1,1,1,1,1,1,1,1,1,1,0,1,1,1,1,0,0,0,0,0,0,,0
1,1,3,2,Kitzbuel,,,,,,,148,0,7,111,0,1,0.090834697,,,,,,,,,,,,,TYb82rfCFEZEQ8xkW,1,1,1,1,1,1,1,1,1,1,1,1,1,1,1,1,1,1,0,0,0,0,,1
0,1,3,3,Gastein,,,,,,,91,0,0,60,0,0,0.053475936,,,,,,,,,,,,,u4TcAMynQsBM64a4c,1,1,1,1,1,1,1,1,1,1,1,1,1,1,1,0,0,0,0,0,0,0,,1
1,1,3,3,Gastein,,,,,,,34,2,0,4,0.057142857,0,0.003565062,,,,,,,,,,,,,uShf5CYdjoLL4nWpS,1,1,1,1,1,1,1,1,1,1,0,1,1,1,1,0,0,0,0,0,0,0,,0
2,1,3,1,Andorra,,,,,,,210,0,8,178,0,0.347826087,0.138737334,,,,,,,,,,,,,uu5fow8ojuAGbZMjx,0,1,1,1,1,1,1,1,1,1,1,1,1,0,0,0,0,0,0,0,1,1,,0
2,1,3,2,Kitzbuel,,,,,,,45,2,7,8,0.060606061,1,0.006546645,,,,,,,,,,,,,vv2cZwfxK6etEgFBb,1,1,1,1,1,1,1,1,1,1,1,1,1,1,0,1,1,1,0,0,0,0,,0
6,1,3,1,Andorra,,,,,,,230,0,8,196,0,0.347826087,0.152766952,,,,,,,,,,,,,WBruKW3xF9JFkzE4j,1,1,1,1,1,1,1,1,1,1,1,1,1,0,0,0,0,0,1,0,1,1,,0
3,1,3,1,Andorra,,,,,,,42,0,6,13,0,0.260869565,0.010132502,,,,,,,,,,,,,wdbbR44MyZnGbPpw6,1,1,1,1,1,1,1,1,1,1,1,1,1,0,0,0,0,0,0,0,1,1,,1
4,1,3,1,Andorra,,,,,,,42,0,6,13,0,0.260869565,0.010132502,,,,,,,,,,,,,wdbbR44MyZnGbPpw6,1,1,1,1,1,1,1,1,1,1,1,1,1,0,0,0,0,0,0,0,1,1,,1
13,1,3,1,Andorra,,,,,,,42,0,6,13,0,0.260869565,0.010132502,,,,,,,,,,,,,wdbbR44MyZnGbPpw6,1,1,1,1,1,1,1,1,1,1,1,1,1,0,0,0,0,0,0,0,1,1,,1
0,1,3,3,Gastein,,,,,,,213,0,0,180,0,0,0.160427807,,,,,,,,,,,,,wuzKGtXEA9WBW9eZo,1,1,1,1,1,1,1,1,1,1,1,1,1,1,1,0,0,0,0,0,0,0,,0
3,1,3,2,Kitzbuel,,,,,,,78,4,4,46,0.121212121,0.571428571,0.037643208,,,,,,,,,,,,,wzNbr4BTesCyK8hEc,1,1,1,1,1,1,1,1,1,1,1,0,1,0,1,1,0,1,0,0,0,0,,0
10,1,3,1,Andorra,,,,,,,242,0,20,198,0,0.869565217,0.154325799,,,,,,,,,,,,,X6qxYonu6tbWLXkTq,0,1,1,1,1,1,1,1,1,1,1,1,1,0,0,0,0,1,0,0,1,1,,1
3,1,3,3,Gastein,,,,,,,197,0,0,170,0,0,0.151515152,,,,,,,,,,,,,xeboxto2FauKf745m,1,1,1,0,0,1,1,1,1,1,1,1,1,1,1,0,0,0,0,0,0,0,,0
0,1,3,3,Gastein,,,,,,,35,1,0,5,0.028571429,0,0.004456328,,,,,,,,,,,,,XemYyttJTeN3hN8ry,1,1,1,1,1,1,1,1,1,1,1,1,1,1,1,0,0,0,0,0,0,0,,0
0,1,3,2,Kitzbuel,,,,,,,29,4,0,1,0.121212121,0,0.000818331,,,,,,,,,,,,,xfvvgdRf3dpgRoxxs,1,1,1,1,1,1,1,1,1,1,1,0,1,0,1,1,0,0,0,0,0,0,,0
0,1,3,3,Gastein,,,,,,,33,4,0,5,0.114285714,0,0.004456328,,,,,,,,,,,,,XgYtZH3uJ4EE8PN8n,1,1,1,1,1,1,1,1,1,1,1,1,1,1,1,0,0,0,0,0,0,0,,1
0,1,3,2,Kitzbuel,,,,,,,72,2,0,44,0.060606061,0,0.036006547,,,,,,,,,,,,,XT45y6QZqf5biD4um,1,1,1,1,1,1,1,1,1,1,1,0,1,1,1,1,0,0,0,0,0,0,,0
1,1,3,3,Gastein,,,,,,,33,2,0,6,0.057142857,0,0.005347594,,,,,,,,,,,,,Y9NrpydY6nbCbcM5S,1,1,1,1,1,1,1,0,1,1,1,1,1,1,1,0,0,0,0,0,0,0,,0
2,1,3,2,Kitzbuel,,,,,,,42,0,4,6,0,0.571428571,0.004909984,,,,,,,,,,,,,yBSXrePRi5esLa5zp,1,1,1,1,1,1,1,1,1,1,1,1,1,1,1,1,0,1,1,0,0,0,,0
3,1,3,2,Kitzbuel,,,,,,,96,0,0,73,0,0,0.059738134,,,,,,,,,,,,,z4pFdGWz8C7rWu67h,1,1,1,1,1,1,1,1,1,1,1,0,0,0,0,0,0,0,0,0,0,0,,1
0,1,3,3,Gastein,,,,,,,36,0,0,6,0,0,0.005347594,,,,,,,,,,,,,zBQGH499qK5GqvM6h,1,1,1,1,1,1,1,1,1,1,1,1,0,1,1,0,0,0,0,0,0,0,,1
0,1,3,3,Gastein,,,,,,,147,2,0,126,0.057142857,0,0.112299465,,,,,,,,,,,,,zFdpMECbKwnDJWmiq,0,0,0,1,1,1,1,1,1,1,0,1,1,0,0,0,0,0,0,0,0,0,,0
0,1,3,3,Gastein,,,,,,,201,0,0,172,0,0,0.153297683,,,,,,,,,,,,,ZXD2TXyvZyhmo4fg6,1,1,1,1,1,1,1,1,1,1,1,1,1,0,0,0,0,0,0,0,0,0,,0
1,1,3,3,Gastein,,,,,,,33,6,0,7,0.171428571,0,0.006238859,,,,,,,,,,,,,zYPnvtQfcZjqJ8YpH,1,1,1,1,0,1,1,0,1,1,1,1,1,1,1,0,0,0,0,0,0,0,,0
2,1,3,3,Gastein,,,,,,,33,6,0,7,0.171428571,0,0.006238859,,,,,,,,,,,,,zYPnvtQfcZjqJ8YpH,1,1,1,1,0,1,1,0,1,1,1,1,1,1,1,0,0,0,0,0,0,0,,0
